typeCode,freqCode,refPeriodId,refYear,refMonth,period,reporterCode,reporterISO,reporterDesc,flowCode,flowDesc,partnerCode,partnerISO,partnerDesc,partner2Code,partner2ISO,partner2Desc,classificationCode,classificationSearchCode,isOriginalClassification,cmdCode,cmdDesc,aggrLevel,isLeaf,customsCode,customsDesc,mosCode,motCode,motDesc,qtyUnitCode,qtyUnitAbbr,qty,isQtyEstimated,altQtyUnitCode,isAltQtyEstimated,netWgt,isNetWgtEstimated,isGrossWgtEstimated,fobvalue,legacyEstimationFlag,isReported,isAggregate
C,A,20150101,2015,52,2015,276,DEU,Germany,X,Export,12,DZA,Algeria,0,W00,World,H4,HS,True,284330,Gold compounds,6,True,C00,TOTAL CPC,0,0,TOTAL MOT,8,kg,0.022,False,15,False,0.022,False,False,1882.028,0,False,True
C,A,20150101,2015,52,2015,276,DEU,Germany,X,Export,12,DZA,Algeria,0,W00,World,H4,HS,True,284330,Gold compounds,6,True,C00,TOTAL CPC,0,1000,Air,8,kg,0.022,False,15,False,0.022,False,False,1882.028,0,False,True
C,A,20150101,2015,52,2015,276,DEU,Germany,X,Export,12,DZA,Algeria,0,W00,World,H4,HS,True,284330,Gold compounds,6,True,C03,Outright exportation,0,0,TOTAL MOT,8,kg,0.022,False,15,False,0.022,False,False,1882.028,0,False,True
C,A,20150101,2015,52,2015,276,DEU,Germany,X,Export,12,DZA,Algeria,0,W00,World,H4,HS,True,284330,Gold compounds,6,True,C03,Outright exportation,0,1000,Air,8,kg,0.022,False,15,False,0.022,False,False,1882.028,0,False,True
C,A,20150101,2015,52,2015,724,ESP,Spain,DX,Domestic Export,12,DZA,Algeria,0,W00,World,H4,HS,True,284330,Gold compounds,6,True,C00,TOTAL CPC,0,0,TOTAL MOT,8,kg,2.0,False,15,False,2.0,False,False,12607.826,0,False,True
C,A,20150101,2015,52,2015,724,ESP,Spain,X,Export,12,DZA,Algeria,0,W00,World,H4,HS,True,284330,Gold compounds,6,True,C00,TOTAL CPC,0,0,TOTAL MOT,8,kg,2.0,False,15,False,2.0,False,False,12607.826,0,False,True
C,A,20150101,2015,52,2015,724,ESP,Spain,DX,Domestic Export,12,DZA,Algeria,0,W00,World,H4,HS,True,284330,Gold compounds,6,True,C00,TOTAL CPC,0,1000,Air,8,kg,2.0,False,15,False,2.0,False,False,12607.826,0,False,True
C,A,20150101,2015,52,2015,724,ESP,Spain,X,Export,12,DZA,Algeria,0,W00,World,H4,HS,True,284330,Gold compounds,6,True,C00,TOTAL CPC,0,1000,Air,8,kg,2.0,False,15,False,2.0,False,False,12607.826,0,False,True
C,A,20150101,2015,52,2015,724,ESP,Spain,DX,Domestic Export,12,DZA,Algeria,0,W00,World,H4,HS,True,284330,Gold compounds,6,True,C03,Outright exportation,0,0,TOTAL MOT,8,kg,2.0,False,15,False,2.0,False,False,12607.826,0,False,True
C,A,20150101,2015,52,2015,724,ESP,Spain,X,Export,12,DZA,Algeria,0,W00,World,H4,HS,True,284330,Gold compounds,6,True,C03,Outright exportation,0,0,TOTAL MOT,8,kg,2.0,False,15,False,2.0,False,False,12607.826,0,False,True
C,A,20150101,2015,52,2015,724,ESP,Spain,DX,Domestic Export,12,DZA,Algeria,0,W00,World,H4,HS,True,284330,Gold compounds,6,True,C03,Outright exportation,0,1000,Air,8,kg,2.0,False,15,False,2.0,False,False,12607.826,0,False,True
C,A,20150101,2015,52,2015,724,ESP,Spain,X,Export,12,DZA,Algeria,0,W00,World,H4,HS,True,284330,Gold compounds,6,True,C03,Outright exportation,0,1000,Air,8,kg,2.0,False,15,False,2.0,False,False,12607.826,0,False,True
C,A,20150101,2015,52,2015,784,ARE,United Arab Emirates,DX,Domestic Export,12,DZA,Algeria,0,W00,World,H4,HS,True,710812,"Metals; gold, non-monetary, unwrought (but not powder)",6,True,C00,TOTAL CPC,0,0,TOTAL MOT,8,kg,5.5,False,8,False,5.5,False,False,155640.527,0,True,False
C,A,20150101,2015,52,2015,784,ARE,United Arab Emirates,X,Export,12,DZA,Algeria,0,W00,World,H4,HS,True,710812,"Metals; gold, non-monetary, unwrought (but not powder)",6,True,C00,TOTAL CPC,0,0,TOTAL MOT,8,kg,5.5,False,8,False,5.5,False,False,155640.527,0,True,False
C,A,20160101,2016,52,2016,251,FRA,France,X,Export,12,DZA,Algeria,0,W00,World,H4,HS,True,284330,Gold compounds,6,True,C00,TOTAL CPC,0,0,TOTAL MOT,8,kg,51.0,False,-1,False,51.0,False,False,26680.0,0,True,False
C,A,20160101,2016,52,2016,251,FRA,France,X,Export,12,DZA,Algeria,0,W00,World,H4,HS,True,710812,"Metals; gold, non-monetary, unwrought (but not powder)",6,True,C00,TOTAL CPC,0,0,TOTAL MOT,8,kg,1.0,False,-1,False,1.0,False,False,3226.0,0,True,False
C,A,20160101,2016,52,2016,380,ITA,Italy,DX,Domestic Export,12,DZA,Algeria,0,W00,World,H4,HS,True,710812,"Metals; gold, non-monetary, unwrought (but not powder)",6,True,C00,TOTAL CPC,0,0,TOTAL MOT,8,kg,4.0,False,15,False,4.0,False,False,158206.191,0,True,False
C,A,20160101,2016,52,2016,380,ITA,Italy,X,Export,12,DZA,Algeria,0,W00,World,H4,HS,True,710812,"Metals; gold, non-monetary, unwrought (but not powder)",6,True,C00,TOTAL CPC,0,0,TOTAL MOT,8,kg,4.0,False,15,False,4.0,False,False,158206.191,0,True,False
C,A,20160101,2016,52,2016,562,NER,Niger,X,Export,12,DZA,Algeria,0,W00,World,H4,HS,True,710813,"Metals; gold, semi-manufactured",6,True,C00,TOTAL CPC,0,0,TOTAL MOT,8,kg,3.0,False,8,False,3.0,False,False,8435.05,0,True,False
C,A,20170101,2017,52,2017,251,FRA,France,X,Export,12,DZA,Algeria,0,W00,World,H5,HS,True,284330,Gold compounds,6,True,C00,TOTAL CPC,0,0,TOTAL MOT,8,kg,5.0,False,15,False,5.0,False,False,109094.735,0,False,True
C,A,20170101,2017,52,2017,251,FRA,France,X,Export,12,DZA,Algeria,0,W00,World,H5,HS,True,284330,Gold compounds,6,True,C00,TOTAL CPC,0,1000,Air,8,kg,5.0,False,15,False,5.0,False,False,109094.735,0,False,True
C,A,20170101,2017,52,2017,251,FRA,France,X,Export,12,DZA,Algeria,0,W00,World,H5,HS,True,710812,"Metals; gold, non-monetary, unwrought (but not powder)",6,True,C00,TOTAL CPC,0,0,TOTAL MOT,8,kg,418.0,False,8,False,418.0,False,False,17954354.822,0,False,True
C,A,20170101,2017,52,2017,251,FRA,France,X,Export,12,DZA,Algeria,0,W00,World,H5,HS,True,710812,"Metals; gold, non-monetary, unwrought (but not powder)",6,True,C00,TOTAL CPC,0,1000,Air,8,kg,418.0,False,8,False,418.0,False,False,17954354.822,0,False,True
C,A,20170101,2017,52,2017,276,DEU,Germany,X,Export,12,DZA,Algeria,0,W00,World,H5,HS,True,284330,Gold compounds,6,True,C00,TOTAL CPC,0,0,TOTAL MOT,8,kg,0.059,False,15,False,0.059,False,False,5104.961,0,False,True
C,A,20170101,2017,52,2017,276,DEU,Germany,X,Export,12,DZA,Algeria,0,W00,World,H5,HS,True,284330,Gold compounds,6,True,C00,TOTAL CPC,0,1000,Air,8,kg,0.059,False,15,False,0.059,False,False,5104.961,0,False,True
C,A,20170101,2017,52,2017,276,DEU,Germany,X,Export,12,DZA,Algeria,0,W00,World,H5,HS,True,284330,Gold compounds,6,True,C03,Outright exportation,0,0,TOTAL MOT,8,kg,0.059,False,15,False,0.059,False,False,5104.961,0,False,True
C,A,20170101,2017,52,2017,276,DEU,Germany,X,Export,12,DZA,Algeria,0,W00,World,H5,HS,True,284330,Gold compounds,6,True,C03,Outright exportation,0,1000,Air,8,kg,0.059,False,15,False,0.059,False,False,5104.961,0,False,True
C,A,20170101,2017,52,2017,380,ITA,Italy,DX,Domestic Export,12,DZA,Algeria,0,W00,World,H5,HS,True,710812,"Metals; gold, non-monetary, unwrought (but not powder)",6,True,C00,TOTAL CPC,0,0,TOTAL MOT,8,kg,237.014,False,15,False,237.0,False,False,9843256.235,0,True,False
C,A,20170101,2017,52,2017,380,ITA,Italy,X,Export,12,DZA,Algeria,0,W00,World,H5,HS,True,710812,"Metals; gold, non-monetary, unwrought (but not powder)",6,True,C00,TOTAL CPC,0,0,TOTAL MOT,8,kg,237.014,False,15,False,237.0,False,False,9843256.235,0,True,False
C,A,20170101,2017,52,2017,724,ESP,Spain,DX,Domestic Export,12,DZA,Algeria,0,W00,World,H5,HS,True,284330,Gold compounds,6,True,C00,TOTAL CPC,0,0,TOTAL MOT,-1,Not Reported,0.0,False,15,False,2.0,False,False,5703.68,0,False,True
C,A,20170101,2017,52,2017,724,ESP,Spain,X,Export,12,DZA,Algeria,0,W00,World,H5,HS,True,284330,Gold compounds,6,True,C00,TOTAL CPC,0,0,TOTAL MOT,-1,Not Reported,0.0,False,15,False,2.0,False,False,5703.68,0,False,True
C,A,20170101,2017,52,2017,724,ESP,Spain,DX,Domestic Export,12,DZA,Algeria,0,W00,World,H5,HS,True,284330,Gold compounds,6,True,C00,TOTAL CPC,0,2100,Sea,-1,Not Reported,0.0,False,15,False,2.0,False,False,5703.68,0,False,True
C,A,20170101,2017,52,2017,724,ESP,Spain,X,Export,12,DZA,Algeria,0,W00,World,H5,HS,True,284330,Gold compounds,6,True,C00,TOTAL CPC,0,2100,Sea,-1,Not Reported,0.0,False,15,False,2.0,False,False,5703.68,0,False,True
C,A,20170101,2017,52,2017,724,ESP,Spain,DX,Domestic Export,12,DZA,Algeria,0,W00,World,H5,HS,True,284330,Gold compounds,6,True,C03,Outright exportation,0,0,TOTAL MOT,-1,Not Reported,0.0,False,15,False,2.0,False,False,5703.68,0,False,True
C,A,20170101,2017,52,2017,724,ESP,Spain,X,Export,12,DZA,Algeria,0,W00,World,H5,HS,True,284330,Gold compounds,6,True,C03,Outright exportation,0,0,TOTAL MOT,-1,Not Reported,0.0,False,15,False,2.0,False,False,5703.68,0,False,True
C,A,20170101,2017,52,2017,724,ESP,Spain,DX,Domestic Export,12,DZA,Algeria,0,W00,World,H5,HS,True,284330,Gold compounds,6,True,C03,Outright exportation,0,2100,Sea,-1,Not Reported,0.0,False,15,False,2.0,False,False,5703.68,0,False,True
C,A,20170101,2017,52,2017,724,ESP,Spain,X,Export,12,DZA,Algeria,0,W00,World,H5,HS,True,284330,Gold compounds,6,True,C03,Outright exportation,0,2100,Sea,-1,Not Reported,0.0,False,15,False,2.0,False,False,5703.68,0,False,True
C,A,20180101,2018,52,2018,251,FRA,France,X,Export,12,DZA,Algeria,0,W00,World,H5,HS,True,284330,Gold compounds,6,True,C00,TOTAL CPC,0,0,TOTAL MOT,8,kg,4.674,True,-1,False,4.674,True,False,814337.275,6,False,True
C,A,20180101,2018,52,2018,251,FRA,France,X,Export,12,DZA,Algeria,0,W00,World,H5,HS,True,284330,Gold compounds,6,True,C00,TOTAL CPC,0,1000,Air,8,kg,0.6,False,15,False,0.6,False,False,708148.947,0,False,True
C,A,20180101,2018,52,2018,251,FRA,France,X,Export,12,DZA,Algeria,0,W00,World,H5,HS,True,284330,Gold compounds,6,True,C00,TOTAL CPC,0,2100,Sea,8,kg,4.074,True,-1,False,4.074,True,False,106188.328,6,False,True
C,A,20180101,2018,52,2018,251,FRA,France,X,Export,12,DZA,Algeria,0,W00,World,H5,HS,True,710813,"Metals; gold, semi-manufactured",6,True,C00,TOTAL CPC,0,0,TOTAL MOT,8,kg,0.805,True,-1,False,0.805,True,False,31366.362,6,False,True
C,A,20180101,2018,52,2018,251,FRA,France,X,Export,12,DZA,Algeria,0,W00,World,H5,HS,True,710813,"Metals; gold, semi-manufactured",6,True,C00,TOTAL CPC,0,1000,Air,8,kg,0.805,True,-1,False,0.805,True,False,31366.362,6,False,True
C,A,20180101,2018,52,2018,276,DEU,Germany,X,Export,12,DZA,Algeria,0,W00,World,H5,HS,True,284330,Gold compounds,6,True,C00,TOTAL CPC,0,0,TOTAL MOT,8,kg,0.018,False,15,False,0.018,False,False,1663.616,0,False,True
C,A,20180101,2018,52,2018,276,DEU,Germany,X,Export,12,DZA,Algeria,0,W00,World,H5,HS,True,284330,Gold compounds,6,True,C00,TOTAL CPC,0,1000,Air,8,kg,0.018,False,15,False,0.018,False,False,1663.616,0,False,True
C,A,20180101,2018,52,2018,276,DEU,Germany,X,Export,12,DZA,Algeria,0,W00,World,H5,HS,True,284330,Gold compounds,6,True,C03,Outright exportation,0,0,TOTAL MOT,8,kg,0.018,False,15,False,0.018,False,False,1663.616,0,False,True
C,A,20180101,2018,52,2018,276,DEU,Germany,X,Export,12,DZA,Algeria,0,W00,World,H5,HS,True,284330,Gold compounds,6,True,C03,Outright exportation,0,1000,Air,8,kg,0.018,False,15,False,0.018,False,False,1663.616,0,False,True
C,A,20190101,2019,52,2019,208,DNK,Denmark,X,Export,12,DZA,Algeria,0,W00,World,H5,HS,True,710813,"Metals; gold, semi-manufactured",6,True,C00,TOTAL CPC,0,0,TOTAL MOT,8,kg,6.131,False,15,False,6.0,False,False,121209.475,0,True,False
C,A,20190101,2019,52,2019,251,FRA,France,X,Export,12,DZA,Algeria,0,W00,World,H5,HS,True,284330,Gold compounds,6,True,C00,TOTAL CPC,0,0,TOTAL MOT,8,kg,744.0,False,8,False,744.0,False,False,23572439.155,0,False,True
C,A,20190101,2019,52,2019,251,FRA,France,X,Export,12,DZA,Algeria,0,W00,World,H5,HS,True,284330,Gold compounds,6,True,C00,TOTAL CPC,0,1000,Air,8,kg,744.0,False,8,False,744.0,False,False,23572439.155,0,False,True
C,A,20190101,2019,52,2019,251,FRA,France,X,Export,12,DZA,Algeria,0,W00,World,H5,HS,True,710813,"Metals; gold, semi-manufactured",6,True,C00,TOTAL CPC,0,0,TOTAL MOT,8,kg,1.0,False,8,False,1.0,False,False,14219.287,0,False,True
C,A,20190101,2019,52,2019,251,FRA,France,X,Export,12,DZA,Algeria,0,W00,World,H5,HS,True,710813,"Metals; gold, semi-manufactured",6,True,C00,TOTAL CPC,0,1000,Air,8,kg,1.0,False,8,False,1.0,False,False,14219.287,0,False,True
C,A,20190101,2019,52,2019,276,DEU,Germany,X,Export,12,DZA,Algeria,0,W00,World,H5,HS,True,284330,Gold compounds,6,True,C00,TOTAL CPC,0,0,TOTAL MOT,8,kg,0.05,False,15,False,0.05,False,False,2403.618,0,False,True
C,A,20190101,2019,52,2019,276,DEU,Germany,X,Export,12,DZA,Algeria,0,W00,World,H5,HS,True,284330,Gold compounds,6,True,C00,TOTAL CPC,0,1000,Air,8,kg,0.05,False,15,False,0.05,False,False,2403.618,0,False,True
C,A,20190101,2019,52,2019,276,DEU,Germany,X,Export,12,DZA,Algeria,0,W00,World,H5,HS,True,284330,Gold compounds,6,True,C03,Outright exportation,0,0,TOTAL MOT,8,kg,0.05,False,15,False,0.05,False,False,2403.618,0,False,True
C,A,20190101,2019,52,2019,276,DEU,Germany,X,Export,12,DZA,Algeria,0,W00,World,H5,HS,True,284330,Gold compounds,6,True,C03,Outright exportation,0,1000,Air,8,kg,0.05,False,15,False,0.05,False,False,2403.618,0,True,False
C,A,20190101,2019,52,2019,380,ITA,Italy,DX,Domestic Export,12,DZA,Algeria,0,W00,World,H5,HS,True,284330,Gold compounds,6,True,C00,TOTAL CPC,0,0,TOTAL MOT,8,kg,82.0,False,15,False,82.0,False,False,1568271.043,0,True,False
C,A,20190101,2019,52,2019,380,ITA,Italy,X,Export,12,DZA,Algeria,0,W00,World,H5,HS,True,284330,Gold compounds,6,True,C00,TOTAL CPC,0,0,TOTAL MOT,8,kg,82.0,False,15,False,82.0,False,False,1568271.043,0,True,False
C,A,20190101,2019,52,2019,380,ITA,Italy,DX,Domestic Export,12,DZA,Algeria,0,W00,World,H5,HS,True,710812,"Metals; gold, non-monetary, unwrought (but not powder)",6,True,C00,TOTAL CPC,0,0,TOTAL MOT,8,kg,35.0,False,15,False,35.0,False,False,1113363.724,0,True,False
C,A,20190101,2019,52,2019,380,ITA,Italy,X,Export,12,DZA,Algeria,0,W00,World,H5,HS,True,710812,"Metals; gold, non-monetary, unwrought (but not powder)",6,True,C00,TOTAL CPC,0,0,TOTAL MOT,8,kg,35.0,False,15,False,35.0,False,False,1113363.724,0,True,False
C,A,20190101,2019,52,2019,724,ESP,Spain,DX,Domestic Export,12,DZA,Algeria,0,W00,World,H5,HS,True,284330,Gold compounds,6,True,C00,TOTAL CPC,0,0,TOTAL MOT,8,kg,10.3,False,15,False,10.3,False,False,55453.496,0,False,True
C,A,20190101,2019,52,2019,724,ESP,Spain,X,Export,12,DZA,Algeria,0,W00,World,H5,HS,True,284330,Gold compounds,6,True,C00,TOTAL CPC,0,0,TOTAL MOT,8,kg,10.3,False,15,False,10.3,False,False,55453.496,0,False,True
C,A,20190101,2019,52,2019,724,ESP,Spain,DX,Domestic Export,12,DZA,Algeria,0,W00,World,H5,HS,True,284330,Gold compounds,6,True,C00,TOTAL CPC,0,1000,Air,8,kg,6.3,False,15,False,6.3,False,False,31529.308,0,False,True
C,A,20190101,2019,52,2019,724,ESP,Spain,X,Export,12,DZA,Algeria,0,W00,World,H5,HS,True,284330,Gold compounds,6,True,C00,TOTAL CPC,0,1000,Air,8,kg,6.3,False,15,False,6.3,False,False,31529.308,0,False,True
C,A,20190101,2019,52,2019,724,ESP,Spain,DX,Domestic Export,12,DZA,Algeria,0,W00,World,H5,HS,True,284330,Gold compounds,6,True,C00,TOTAL CPC,0,2100,Sea,8,kg,4.0,False,15,False,4.0,False,False,23924.188,0,False,True
C,A,20190101,2019,52,2019,724,ESP,Spain,X,Export,12,DZA,Algeria,0,W00,World,H5,HS,True,284330,Gold compounds,6,True,C00,TOTAL CPC,0,2100,Sea,8,kg,4.0,False,15,False,4.0,False,False,23924.188,0,False,True
C,A,20190101,2019,52,2019,724,ESP,Spain,DX,Domestic Export,12,DZA,Algeria,0,W00,World,H5,HS,True,284330,Gold compounds,6,True,C03,Outright exportation,0,0,TOTAL MOT,8,kg,10.3,False,15,False,10.3,False,False,55453.496,0,False,True
C,A,20190101,2019,52,2019,724,ESP,Spain,X,Export,12,DZA,Algeria,0,W00,World,H5,HS,True,284330,Gold compounds,6,True,C03,Outright exportation,0,0,TOTAL MOT,8,kg,10.3,False,15,False,10.3,False,False,55453.496,0,False,True
C,A,20190101,2019,52,2019,724,ESP,Spain,DX,Domestic Export,12,DZA,Algeria,0,W00,World,H5,HS,True,284330,Gold compounds,6,True,C03,Outright exportation,0,1000,Air,8,kg,6.3,False,15,False,6.3,False,False,31529.308,0,False,True
C,A,20190101,2019,52,2019,724,ESP,Spain,X,Export,12,DZA,Algeria,0,W00,World,H5,HS,True,284330,Gold compounds,6,True,C03,Outright exportation,0,1000,Air,8,kg,6.3,False,15,False,6.3,False,False,31529.308,0,False,True
C,A,20190101,2019,52,2019,724,ESP,Spain,DX,Domestic Export,12,DZA,Algeria,0,W00,World,H5,HS,True,284330,Gold compounds,6,True,C03,Outright exportation,0,2100,Sea,8,kg,4.0,False,15,False,4.0,False,False,23924.188,0,False,True
C,A,20190101,2019,52,2019,724,ESP,Spain,X,Export,12,DZA,Algeria,0,W00,World,H5,HS,True,284330,Gold compounds,6,True,C03,Outright exportation,0,2100,Sea,8,kg,4.0,False,15,False,4.0,False,False,23924.188,0,False,True
C,A,20200101,2020,52,2020,251,FRA,France,X,Export,12,DZA,Algeria,0,W00,World,H5,HS,True,710811,"Metals; gold, non-monetary, powder",6,True,C00,TOTAL CPC,0,0,TOTAL MOT,8,kg,111.4,False,15,False,110.0,False,False,6581382.466,0,True,False
C,A,20200101,2020,52,2020,251,FRA,France,X,Export,12,DZA,Algeria,0,W00,World,H5,HS,True,710812,"Metals; gold, non-monetary, unwrought (but not powder)",6,True,C00,TOTAL CPC,0,0,TOTAL MOT,8,kg,80.0,False,15,False,80.0,False,False,4875456.773,0,True,False
C,A,20200101,2020,52,2020,276,DEU,Germany,X,Export,12,DZA,Algeria,0,W00,World,H5,HS,True,284330,Gold compounds,6,True,C00,TOTAL CPC,0,0,TOTAL MOT,8,kg,0.062,False,15,False,0.062,False,False,1534.378,0,False,True
C,A,20200101,2020,52,2020,276,DEU,Germany,X,Export,12,DZA,Algeria,0,W00,World,H5,HS,True,284330,Gold compounds,6,True,C00,TOTAL CPC,0,1000,Air,8,kg,0.062,False,15,False,0.062,False,False,1534.378,0,False,True
C,A,20200101,2020,52,2020,276,DEU,Germany,X,Export,12,DZA,Algeria,0,W00,World,H5,HS,True,284330,Gold compounds,6,True,C03,Outright exportation,0,0,TOTAL MOT,8,kg,0.062,False,15,False,0.062,False,False,1534.378,0,False,True
C,A,20200101,2020,52,2020,276,DEU,Germany,X,Export,12,DZA,Algeria,0,W00,World,H5,HS,True,284330,Gold compounds,6,True,C03,Outright exportation,0,1000,Air,8,kg,0.062,False,15,False,0.062,False,False,1534.378,0,False,True
C,A,20200101,2020,52,2020,792,TUR,Türkiye,X,Export,12,DZA,Algeria,0,W00,World,H5,HS,True,284330,Gold compounds,6,True,C00,TOTAL CPC,0,0,TOTAL MOT,8,kg,0.01,False,15,False,1.0,False,False,576.0,0,False,True
C,A,20200101,2020,52,2020,792,TUR,Türkiye,X,Export,12,DZA,Algeria,0,W00,World,H5,HS,True,284330,Gold compounds,6,True,C00,TOTAL CPC,0,2100,Sea,8,kg,0.01,False,15,False,1.0,False,False,576.0,0,False,True
C,A,20200101,2020,52,2020,792,TUR,Türkiye,X,Export,12,DZA,Algeria,0,W00,World,H5,HS,True,284330,Gold compounds,6,True,C03,Outright exportation,0,0,TOTAL MOT,8,kg,0.01,False,15,False,1.0,False,False,576.0,0,False,True
C,A,20200101,2020,52,2020,792,TUR,Türkiye,X,Export,12,DZA,Algeria,0,W00,World,H5,HS,True,284330,Gold compounds,6,True,C03,Outright exportation,0,2100,Sea,8,kg,0.01,False,15,False,1.0,False,False,576.0,0,False,True
C,A,20210101,2021,52,2021,56,BEL,Belgium,X,Export,12,DZA,Algeria,0,W00,World,H5,HS,True,710813,"Metals; gold, semi-manufactured",6,True,C00,TOTAL CPC,0,0,TOTAL MOT,-1,Not Reported,0.0,False,8,False,0.0,False,False,75.199,0,True,False
C,A,20210101,2021,52,2021,251,FRA,France,X,Export,12,DZA,Algeria,0,W00,World,H5,HS,True,710812,"Metals; gold, non-monetary, unwrought (but not powder)",6,True,C00,TOTAL CPC,0,0,TOTAL MOT,8,kg,105.0,False,15,False,105.0,False,False,6174541.915,0,True,False
C,A,20210101,2021,52,2021,251,FRA,France,X,Export,12,DZA,Algeria,0,W00,World,H5,HS,True,710813,"Metals; gold, semi-manufactured",6,True,C00,TOTAL CPC,0,0,TOTAL MOT,8,kg,0.1,False,15,False,4.0,False,False,8735.72,0,True,False
C,A,20210101,2021,52,2021,276,DEU,Germany,X,Export,12,DZA,Algeria,0,W00,World,H5,HS,True,284330,Gold compounds,6,True,C00,TOTAL CPC,0,0,TOTAL MOT,8,kg,0.037,False,15,False,0.037,False,False,1306.831,0,False,True
C,A,20210101,2021,52,2021,276,DEU,Germany,X,Export,12,DZA,Algeria,0,W00,World,H5,HS,True,284330,Gold compounds,6,True,C00,TOTAL CPC,0,1000,Air,8,kg,0.037,False,15,False,0.037,False,False,1306.831,0,False,True
C,A,20210101,2021,52,2021,276,DEU,Germany,X,Export,12,DZA,Algeria,0,W00,World,H5,HS,True,284330,Gold compounds,6,True,C03,Outright exportation,0,0,TOTAL MOT,8,kg,0.037,False,15,False,0.037,False,False,1306.831,0,False,True
C,A,20210101,2021,52,2021,276,DEU,Germany,X,Export,12,DZA,Algeria,0,W00,World,H5,HS,True,284330,Gold compounds,6,True,C03,Outright exportation,0,1000,Air,8,kg,0.037,False,15,False,0.037,False,False,1306.831,0,False,True
C,A,20210101,2021,52,2021,724,ESP,Spain,DX,Domestic Export,12,DZA,Algeria,0,W00,World,H5,HS,True,284330,Gold compounds,6,True,C00,TOTAL CPC,0,0,TOTAL MOT,8,kg,14.72,False,15,False,21.15,False,False,153869.819,0,False,True
C,A,20210101,2021,52,2021,724,ESP,Spain,X,Export,12,DZA,Algeria,0,W00,World,H5,HS,True,284330,Gold compounds,6,True,C00,TOTAL CPC,0,0,TOTAL MOT,8,kg,14.72,False,15,False,21.15,False,False,153869.819,0,False,True
C,A,20210101,2021,52,2021,724,ESP,Spain,DX,Domestic Export,12,DZA,Algeria,0,W00,World,H5,HS,True,284330,Gold compounds,6,True,C00,TOTAL CPC,0,1000,Air,8,kg,11.12,False,15,False,17.55,False,False,133929.101,0,False,True
C,A,20210101,2021,52,2021,724,ESP,Spain,X,Export,12,DZA,Algeria,0,W00,World,H5,HS,True,284330,Gold compounds,6,True,C00,TOTAL CPC,0,1000,Air,8,kg,11.12,False,15,False,17.55,False,False,133929.101,0,False,True
C,A,20210101,2021,52,2021,724,ESP,Spain,DX,Domestic Export,12,DZA,Algeria,0,W00,World,H5,HS,True,284330,Gold compounds,6,True,C00,TOTAL CPC,0,2100,Sea,8,kg,3.6,False,15,False,3.6,False,False,19940.718,0,False,True
C,A,20210101,2021,52,2021,724,ESP,Spain,X,Export,12,DZA,Algeria,0,W00,World,H5,HS,True,284330,Gold compounds,6,True,C00,TOTAL CPC,0,2100,Sea,8,kg,3.6,False,15,False,3.6,False,False,19940.718,0,False,True
C,A,20210101,2021,52,2021,724,ESP,Spain,DX,Domestic Export,12,DZA,Algeria,0,W00,World,H5,HS,True,284330,Gold compounds,6,True,C03,Outright exportation,0,0,TOTAL MOT,8,kg,14.72,False,15,False,21.15,False,False,153869.819,0,False,True
C,A,20210101,2021,52,2021,724,ESP,Spain,X,Export,12,DZA,Algeria,0,W00,World,H5,HS,True,284330,Gold compounds,6,True,C03,Outright exportation,0,0,TOTAL MOT,8,kg,14.72,False,15,False,21.15,False,False,153869.819,0,False,True
C,A,20210101,2021,52,2021,724,ESP,Spain,DX,Domestic Export,12,DZA,Algeria,0,W00,World,H5,HS,True,284330,Gold compounds,6,True,C03,Outright exportation,0,1000,Air,8,kg,11.12,False,15,False,17.55,False,False,133929.101,0,False,True
C,A,20210101,2021,52,2021,724,ESP,Spain,X,Export,12,DZA,Algeria,0,W00,World,H5,HS,True,284330,Gold compounds,6,True,C03,Outright exportation,0,1000,Air,8,kg,11.12,False,15,False,17.55,False,False,133929.101,0,False,True
C,A,20210101,2021,52,2021,724,ESP,Spain,DX,Domestic Export,12,DZA,Algeria,0,W00,World,H5,HS,True,284330,Gold compounds,6,True,C03,Outright exportation,0,2100,Sea,8,kg,3.6,False,15,False,3.6,False,False,19940.718,0,False,True
C,A,20210101,2021,52,2021,724,ESP,Spain,X,Export,12,DZA,Algeria,0,W00,World,H5,HS,True,284330,Gold compounds,6,True,C03,Outright exportation,0,2100,Sea,8,kg,3.6,False,15,False,3.6,False,False,19940.718,0,False,True
C,A,20210101,2021,52,2021,792,TUR,Türkiye,X,Export,12,DZA,Algeria,0,W00,World,H5,HS,True,284330,Gold compounds,6,True,C00,TOTAL CPC,0,0,TOTAL MOT,8,kg,0.034,False,15,False,2.0,False,False,2317.0,0,False,True
C,A,20210101,2021,52,2021,792,TUR,Türkiye,X,Export,12,DZA,Algeria,0,W00,World,H5,HS,True,284330,Gold compounds,6,True,C00,TOTAL CPC,0,1000,Air,8,kg,0.034,False,15,False,2.0,False,False,2317.0,0,False,True
C,A,20210101,2021,52,2021,792,TUR,Türkiye,X,Export,12,DZA,Algeria,0,W00,World,H5,HS,True,284330,Gold compounds,6,True,C03,Outright exportation,0,0,TOTAL MOT,8,kg,0.034,False,15,False,2.0,False,False,2317.0,0,False,True
C,A,20210101,2021,52,2021,792,TUR,Türkiye,X,Export,12,DZA,Algeria,0,W00,World,H5,HS,True,284330,Gold compounds,6,True,C03,Outright exportation,0,1000,Air,8,kg,0.034,False,15,False,2.0,False,False,2317.0,0,False,True
C,A,20220101,2022,52,2022,251,FRA,France,X,Export,12,DZA,Algeria,0,W00,World,H6,HS,True,710812,"Metals; gold, non-monetary, unwrought (but not powder)",6,True,C00,TOTAL CPC,0,0,TOTAL MOT,8,kg,510.0,False,15,False,508.0,False,False,29697152.887,0,False,True
C,A,20220101,2022,52,2022,251,FRA,France,X,Export,12,DZA,Algeria,0,W00,World,H6,HS,True,710812,"Metals; gold, non-monetary, unwrought (but not powder)",6,True,C00,TOTAL CPC,0,9900,Other,8,kg,510.0,False,15,False,508.0,False,False,29697152.887,0,False,True
C,A,20220101,2022,52,2022,251,FRA,France,X,Export,12,DZA,Algeria,0,W00,World,H6,HS,True,710813,"Metals; gold, semi-manufactured",6,True,C00,TOTAL CPC,0,0,TOTAL MOT,8,kg,0.006,False,15,False,0.006,False,False,38.963,0,False,True
C,A,20220101,2022,52,2022,251,FRA,France,X,Export,12,DZA,Algeria,0,W00,World,H6,HS,True,710813,"Metals; gold, semi-manufactured",6,True,C00,TOTAL CPC,0,9900,Other,8,kg,0.006,False,15,False,0.006,False,False,38.963,0,False,True
C,A,20220101,2022,52,2022,380,ITA,Italy,DX,Domestic Export,12,DZA,Algeria,0,W00,World,H6,HS,True,710812,"Metals; gold, non-monetary, unwrought (but not powder)",6,True,C00,TOTAL CPC,0,0,TOTAL MOT,8,kg,15.0,False,15,False,15.0,False,False,886140.422,0,True,False
C,A,20220101,2022,52,2022,380,ITA,Italy,X,Export,12,DZA,Algeria,0,W00,World,H6,HS,True,710812,"Metals; gold, non-monetary, unwrought (but not powder)",6,True,C00,TOTAL CPC,0,0,TOTAL MOT,8,kg,15.0,False,15,False,15.0,False,False,886140.422,0,True,False
C,A,20220101,2022,52,2022,784,ARE,United Arab Emirates,DX,Domestic Export,12,DZA,Algeria,0,W00,World,H6,HS,True,710813,"Metals; gold, semi-manufactured",6,True,C00,TOTAL CPC,0,0,TOTAL MOT,8,kg,305.2,False,8,False,305.2,False,False,15565331.083,0,True,False
C,A,20220101,2022,52,2022,784,ARE,United Arab Emirates,X,Export,12,DZA,Algeria,0,W00,World,H6,HS,True,710813,"Metals; gold, semi-manufactured",6,True,C00,TOTAL CPC,0,0,TOTAL MOT,8,kg,305.2,False,8,False,305.2,False,False,15565331.083,0,True,False
C,A,20230101,2023,52,2023,251,FRA,France,X,Export,12,DZA,Algeria,0,W00,World,H6,HS,True,710812,"Metals; gold, non-monetary, unwrought (but not powder)",6,True,C00,TOTAL CPC,0,0,TOTAL MOT,8,kg,216.5,False,15,False,216.0,False,False,13509147.397,0,True,False
C,A,20230101,2023,52,2023,276,DEU,Germany,X,Export,12,DZA,Algeria,0,W00,World,H6,HS,True,284330,Gold compounds,6,True,C00,TOTAL CPC,0,0,TOTAL MOT,8,kg,0.376,False,15,False,0.376,False,False,2502.056,0,False,True
C,A,20230101,2023,52,2023,276,DEU,Germany,X,Export,12,DZA,Algeria,0,W00,World,H6,HS,True,284330,Gold compounds,6,True,C00,TOTAL CPC,0,1000,Air,8,kg,0.376,False,15,False,0.376,False,False,2502.056,0,False,True
C,A,20230101,2023,52,2023,276,DEU,Germany,X,Export,12,DZA,Algeria,0,W00,World,H6,HS,True,284330,Gold compounds,6,True,C03,Outright exportation,0,0,TOTAL MOT,8,kg,0.376,False,15,False,0.376,False,False,2502.056,0,False,True
C,A,20230101,2023,52,2023,276,DEU,Germany,X,Export,12,DZA,Algeria,0,W00,World,H6,HS,True,284330,Gold compounds,6,True,C03,Outright exportation,0,1000,Air,8,kg,0.376,False,15,False,0.376,False,False,2502.056,0,False,True
C,A,20230101,2023,52,2023,380,ITA,Italy,DX,Domestic Export,12,DZA,Algeria,0,W00,World,H6,HS,True,710812,"Metals; gold, non-monetary, unwrought (but not powder)",6,True,C00,TOTAL CPC,0,0,TOTAL MOT,8,kg,81.0,False,15,False,81.0,False,False,5108322.762,0,True,False
C,A,20230101,2023,52,2023,380,ITA,Italy,X,Export,12,DZA,Algeria,0,W00,World,H6,HS,True,710812,"Metals; gold, non-monetary, unwrought (but not powder)",6,True,C00,TOTAL CPC,0,0,TOTAL MOT,8,kg,81.0,False,15,False,81.0,False,False,5108322.762,0,True,False
C,A,20230101,2023,52,2023,380,ITA,Italy,DX,Domestic Export,12,DZA,Algeria,0,W00,World,H6,HS,True,710813,"Metals; gold, semi-manufactured",6,True,C00,TOTAL CPC,0,0,TOTAL MOT,8,kg,57.679,False,15,False,59.0,False,False,2980707.254,0,True,False
C,A,20230101,2023,52,2023,380,ITA,Italy,X,Export,12,DZA,Algeria,0,W00,World,H6,HS,True,710813,"Metals; gold, semi-manufactured",6,True,C00,TOTAL CPC,0,0,TOTAL MOT,8,kg,57.679,False,15,False,59.0,False,False,2980707.254,0,True,False
C,A,20230101,2023,52,2023,784,ARE,United Arab Emirates,DX,Domestic Export,12,DZA,Algeria,0,W00,World,H6,HS,True,710812,"Metals; gold, non-monetary, unwrought (but not powder)",6,True,C00,TOTAL CPC,0,0,TOTAL MOT,8,kg,0.432,True,-1,False,0.432,True,False,26168.005,6,True,False
C,A,20230101,2023,52,2023,784,ARE,United Arab Emirates,X,Export,12,DZA,Algeria,0,W00,World,H6,HS,True,710812,"Metals; gold, non-monetary, unwrought (but not powder)",6,True,C00,TOTAL CPC,0,0,TOTAL MOT,8,kg,0.432,True,-1,False,0.432,True,False,26168.005,6,True,False
C,A,20230101,2023,52,2023,784,ARE,United Arab Emirates,DX,Domestic Export,12,DZA,Algeria,0,W00,World,H6,HS,True,710813,"Metals; gold, semi-manufactured",6,True,C00,TOTAL CPC,0,0,TOTAL MOT,8,kg,362.781,True,-1,False,362.781,True,False,21768163.517,6,True,False
C,A,20230101,2023,52,2023,784,ARE,United Arab Emirates,X,Export,12,DZA,Algeria,0,W00,World,H6,HS,True,710813,"Metals; gold, semi-manufactured",6,True,C00,TOTAL CPC,0,0,TOTAL MOT,8,kg,362.781,True,-1,False,362.781,True,False,21768163.517,6,True,False
C,A,20240101,2024,52,2024,380,ITA,Italy,DX,Domestic Export,12,DZA,Algeria,0,W00,World,H6,HS,True,710812,"Metals; gold, non-monetary, unwrought (but not powder)",6,True,C00,TOTAL CPC,0,0,TOTAL MOT,8,kg,24.0,False,15,False,24.0,False,False,1956997.991,0,True,False
C,A,20240101,2024,52,2024,380,ITA,Italy,X,Export,12,DZA,Algeria,0,W00,World,H6,HS,True,710812,"Metals; gold, non-monetary, unwrought (but not powder)",6,True,C00,TOTAL CPC,0,0,TOTAL MOT,8,kg,24.0,False,15,False,24.0,False,False,1956997.991,0,True,False
C,A,20240101,2024,52,2024,380,ITA,Italy,DX,Domestic Export,12,DZA,Algeria,0,W00,World,H6,HS,True,710813,"Metals; gold, semi-manufactured",6,True,C00,TOTAL CPC,0,0,TOTAL MOT,8,kg,5.0,False,15,False,5.0,False,False,456223.364,0,True,False
C,A,20240101,2024,52,2024,380,ITA,Italy,X,Export,12,DZA,Algeria,0,W00,World,H6,HS,True,710813,"Metals; gold, semi-manufactured",6,True,C00,TOTAL CPC,0,0,TOTAL MOT,8,kg,5.0,False,15,False,5.0,False,False,456223.364,0,True,False
