typeCode,freqCode,refPeriodId,refYear,refMonth,period,reporterCode,reporterISO,reporterDesc,flowCode,flowDesc,partnerCode,partnerISO,partnerDesc,partner2Code,partner2ISO,partner2Desc,classificationCode,classificationSearchCode,isOriginalClassification,cmdCode,cmdDesc,aggrLevel,isLeaf,customsCode,customsDesc,mosCode,motCode,motDesc,qtyUnitCode,qtyUnitAbbr,qty,isQtyEstimated,altQtyUnitCode,isAltQtyEstimated,netWgt,isNetWgtEstimated,isGrossWgtEstimated,cifvalue,primaryValue,legacyEstimationFlag,isReported,isAggregate
C,A,20230101,2023,52,2023,800,UGA,Uganda,M,Import,854,BFA,Burkina Faso,0,W00,World,H6,HS,True,710813,"Metals; gold, semi-manufactured",6,True,C00,TOTAL CPC,0,0,TOTAL MOT,8,kg,196.302,False,15,False,196.3,False,False,11534493.5,11534493.5,0,True,False
C,A,20220101,2022,52,2022,251,FRA,France,M,Import,854,BFA,Burkina Faso,0,W00,World,H6,HS,True,710813,"Metals; gold, semi-manufactured",6,True,C00,TOTAL CPC,0,0,TOTAL MOT,8,kg,3.228,False,15,False,3.0,False,False,176151.869,176151.869,0,False,True
C,A,20220101,2022,52,2022,251,FRA,France,M,Import,854,BFA,Burkina Faso,0,W00,World,H6,HS,True,710813,"Metals; gold, semi-manufactured",6,True,C00,TOTAL CPC,0,9900,Other,8,kg,3.228,False,15,False,3.0,False,False,176151.869,176151.869,0,False,True
C,A,20220101,2022,52,2022,410,KOR,Rep. of Korea,M,Import,854,BFA,Burkina Faso,0,W00,World,H6,HS,True,710813,"Metals; gold, semi-manufactured",6,True,C00,TOTAL CPC,0,0,TOTAL MOT,8,kg,0.55,False,8,False,0.55,False,False,32726.0,32726.0,0,True,False
C,A,20220101,2022,52,2022,616,POL,Poland,M,Import,854,BFA,Burkina Faso,0,W00,World,H6,HS,True,710813,"Metals; gold, semi-manufactured",6,True,C00,TOTAL CPC,0,0,TOTAL MOT,8,kg,0.544,False,15,False,1.0,False,False,29307.0,29307.0,0,True,False
C,A,20160101,2016,52,2016,56,BEL,Belgium,M,Import,854,BFA,Burkina Faso,0,W00,World,H4,HS,True,710813,"Metals; gold, semi-manufactured",6,True,C00,TOTAL CPC,0,0,TOTAL MOT,8,kg,45.329,False,15,False,45.0,False,False,1580206.639,1580206.639,0,True,False
C,A,20160101,2016,52,2016,702,SGP,Singapore,M,Import,854,BFA,Burkina Faso,0,W00,World,H4,HS,True,710813,"Metals; gold, semi-manufactured",6,True,C00,TOTAL CPC,0,0,TOTAL MOT,8,kg,50.0,False,8,False,50.0,False,False,522504.961,522504.961,0,True,False
C,A,20230101,2023,52,2023,56,BEL,Belgium,M,Import,854,BFA,Burkina Faso,0,W00,World,H6,HS,True,710812,"Metals; gold, non-monetary, unwrought (but not powder)",6,True,C00,TOTAL CPC,0,0,TOTAL MOT,8,kg,9.992,False,15,False,10.0,False,False,553435.882,553435.882,0,True,False
C,A,20230101,2023,52,2023,380,ITA,Italy,FM,Foreign Import,854,BFA,Burkina Faso,0,W00,World,H6,HS,True,710812,"Metals; gold, non-monetary, unwrought (but not powder)",6,True,C00,TOTAL CPC,0,0,TOTAL MOT,8,kg,155.423,False,15,False,155.0,False,False,8211424.217,8211424.217,0,True,False
C,A,20230101,2023,52,2023,380,ITA,Italy,M,Import,854,BFA,Burkina Faso,0,W00,World,H6,HS,True,710812,"Metals; gold, non-monetary, unwrought (but not powder)",6,True,C00,TOTAL CPC,0,0,TOTAL MOT,8,kg,155.423,False,15,False,155.0,False,False,8211424.217,8211424.217,0,True,False
C,A,20230101,2023,52,2023,562,NER,Niger,M,Import,854,BFA,Burkina Faso,0,W00,World,H6,HS,True,710812,"Metals; gold, non-monetary, unwrought (but not powder)",6,True,C00,TOTAL CPC,0,0,TOTAL MOT,8,kg,2.0,False,8,False,2.0,False,False,26241.959,26241.959,0,True,False
C,A,20230101,2023,52,2023,699,IND,India,M,Import,854,BFA,Burkina Faso,0,W00,World,H6,HS,True,710812,"Metals; gold, non-monetary, unwrought (but not powder)",6,True,C00,TOTAL CPC,0,0,TOTAL MOT,8,kg,1934.0,False,8,False,1934.0,False,False,98588316.385,98588316.385,0,False,True
C,A,20230101,2023,52,2023,757,CHE,Switzerland,M,Import,854,BFA,Burkina Faso,0,W00,World,H6,HS,True,710812,"Metals; gold, non-monetary, unwrought (but not powder)",6,True,C00,TOTAL CPC,0,0,TOTAL MOT,8,kg,56586.0,False,8,False,56586.0,False,False,2982693373.462,2982693373.462,0,False,True
C,A,20230101,2023,52,2023,784,ARE,United Arab Emirates,M,Import,854,BFA,Burkina Faso,0,W00,World,H6,HS,True,710812,"Metals; gold, non-monetary, unwrought (but not powder)",6,True,C00,TOTAL CPC,0,0,TOTAL MOT,8,kg,7670.146,True,-1,False,7670.146,True,False,471267549.707,471267549.707,6,True,False
C,A,20230101,2023,52,2023,757,CHE,Switzerland,M,Import,854,BFA,Burkina Faso,0,W00,World,H6,HS,True,710812,"Metals; gold, non-monetary, unwrought (but not powder)",6,True,C00,TOTAL CPC,0,1000,Air,8,kg,56586.0,False,8,False,56586.0,False,False,2982693373.462,2982693373.462,0,False,True
C,A,20230101,2023,52,2023,757,CHE,Switzerland,M,Import,854,BFA,Burkina Faso,0,W00,World,H6,HS,True,710812,"Metals; gold, non-monetary, unwrought (but not powder)",6,True,C01,Clearance for home use,0,0,TOTAL MOT,8,kg,56586.0,False,8,False,56586.0,False,False,2982693373.462,2982693373.462,0,False,True
C,A,20230101,2023,52,2023,757,CHE,Switzerland,M,Import,854,BFA,Burkina Faso,0,W00,World,H6,HS,True,710812,"Metals; gold, non-monetary, unwrought (but not powder)",6,True,C01,Clearance for home use,0,1000,Air,8,kg,56586.0,False,8,False,56586.0,False,False,2982693373.462,2982693373.462,0,True,False
C,A,20230101,2023,52,2023,800,UGA,Uganda,M,Import,854,BFA,Burkina Faso,0,W00,World,H6,HS,True,710812,"Metals; gold, non-monetary, unwrought (but not powder)",6,True,C00,TOTAL CPC,0,0,TOTAL MOT,8,kg,1560.861,False,15,False,1561.0,False,False,97818332.55,97818332.55,0,True,False
C,A,20240101,2024,52,2024,699,IND,India,M,Import,854,BFA,Burkina Faso,0,W00,World,H6,HS,True,710812,"Metals; gold, non-monetary, unwrought (but not powder)",6,True,C00,TOTAL CPC,0,0,TOTAL MOT,8,kg,569.0,False,8,False,569.0,False,False,26785782.86,26785782.86,0,False,True
C,A,20240101,2024,52,2024,757,CHE,Switzerland,M,Import,854,BFA,Burkina Faso,0,W00,World,H6,HS,True,710812,"Metals; gold, non-monetary, unwrought (but not powder)",6,True,C00,TOTAL CPC,0,0,TOTAL MOT,8,kg,49627.0,False,8,False,49627.0,False,False,3157501476.828,3157501476.828,0,False,True
C,A,20240101,2024,52,2024,757,CHE,Switzerland,M,Import,854,BFA,Burkina Faso,0,W00,World,H6,HS,True,710812,"Metals; gold, non-monetary, unwrought (but not powder)",6,True,C00,TOTAL CPC,0,1000,Air,8,kg,49627.0,False,8,False,49627.0,False,False,3157501476.828,3157501476.828,0,False,True
C,A,20240101,2024,52,2024,757,CHE,Switzerland,M,Import,854,BFA,Burkina Faso,0,W00,World,H6,HS,True,710812,"Metals; gold, non-monetary, unwrought (but not powder)",6,True,C01,Clearance for home use,0,0,TOTAL MOT,8,kg,49627.0,False,8,False,49627.0,False,False,3157501476.828,3157501476.828,0,False,True
C,A,20240101,2024,52,2024,757,CHE,Switzerland,M,Import,854,BFA,Burkina Faso,0,W00,World,H6,HS,True,710812,"Metals; gold, non-monetary, unwrought (but not powder)",6,True,C01,Clearance for home use,0,1000,Air,8,kg,49627.0,False,8,False,49627.0,False,False,3157501476.828,3157501476.828,0,True,False
C,A,20220101,2022,52,2022,757,CHE,Switzerland,M,Import,854,BFA,Burkina Faso,0,W00,World,H6,HS,True,710812,"Metals; gold, non-monetary, unwrought (but not powder)",6,True,C00,TOTAL CPC,0,0,TOTAL MOT,8,kg,61458.0,False,8,False,61458.0,False,False,3023257714.557,3023257714.557,0,False,True
C,A,20220101,2022,52,2022,784,ARE,United Arab Emirates,M,Import,854,BFA,Burkina Faso,0,W00,World,H6,HS,True,710812,"Metals; gold, non-monetary, unwrought (but not powder)",6,True,C00,TOTAL CPC,0,0,TOTAL MOT,8,kg,8933.81,False,8,False,8933.81,False,False,445676992.456,445676992.456,0,True,False
C,A,20220101,2022,52,2022,757,CHE,Switzerland,M,Import,854,BFA,Burkina Faso,0,W00,World,H6,HS,True,710812,"Metals; gold, non-monetary, unwrought (but not powder)",6,True,C00,TOTAL CPC,0,1000,Air,8,kg,61458.0,False,8,False,61458.0,False,False,3023257714.557,3023257714.557,0,False,True
C,A,20220101,2022,52,2022,757,CHE,Switzerland,M,Import,854,BFA,Burkina Faso,0,W00,World,H6,HS,True,710812,"Metals; gold, non-monetary, unwrought (but not powder)",6,True,C01,Clearance for home use,0,0,TOTAL MOT,8,kg,61458.0,False,8,False,61458.0,False,False,3023257714.557,3023257714.557,0,False,True
C,A,20220101,2022,52,2022,757,CHE,Switzerland,M,Import,854,BFA,Burkina Faso,0,W00,World,H6,HS,True,710812,"Metals; gold, non-monetary, unwrought (but not powder)",6,True,C01,Clearance for home use,0,1000,Air,8,kg,61458.0,False,8,False,61458.0,False,False,3023257714.557,3023257714.557,0,True,False
C,A,20220101,2022,52,2022,792,TUR,Türkiye,M,Import,854,BFA,Burkina Faso,0,W00,World,H6,HS,True,710812,"Metals; gold, non-monetary, unwrought (but not powder)",6,True,C00,TOTAL CPC,0,0,TOTAL MOT,8,kg,10.535,False,15,False,11.0,False,False,546054.0,546054.0,0,False,True
C,A,20220101,2022,52,2022,792,TUR,Türkiye,M,Import,854,BFA,Burkina Faso,0,W00,World,H6,HS,True,710812,"Metals; gold, non-monetary, unwrought (but not powder)",6,True,C00,TOTAL CPC,0,1000,Air,8,kg,10.535,False,15,False,11.0,False,False,546054.0,546054.0,0,False,True
C,A,20220101,2022,52,2022,792,TUR,Türkiye,M,Import,854,BFA,Burkina Faso,0,W00,World,H6,HS,True,710812,"Metals; gold, non-monetary, unwrought (but not powder)",6,True,C06,Inward processing,0,0,TOTAL MOT,8,kg,10.535,False,15,False,11.0,False,False,546054.0,546054.0,0,False,True
C,A,20220101,2022,52,2022,792,TUR,Türkiye,M,Import,854,BFA,Burkina Faso,0,W00,World,H6,HS,True,710812,"Metals; gold, non-monetary, unwrought (but not powder)",6,True,C06,Inward processing,0,1000,Air,8,kg,10.535,False,15,False,11.0,False,False,546054.0,546054.0,0,False,True
C,A,20220101,2022,52,2022,56,BEL,Belgium,M,Import,854,BFA,Burkina Faso,0,W00,World,H6,HS,True,710812,"Metals; gold, non-monetary, unwrought (but not powder)",6,True,C00,TOTAL CPC,0,0,TOTAL MOT,8,kg,7.8,False,8,False,7.8,False,False,410100.301,410100.301,0,True,False
C,A,20220101,2022,52,2022,380,ITA,Italy,FM,Foreign Import,854,BFA,Burkina Faso,0,W00,World,H6,HS,True,710812,"Metals; gold, non-monetary, unwrought (but not powder)",6,True,C00,TOTAL CPC,0,0,TOTAL MOT,8,kg,236.848,False,15,False,237.0,False,False,11829328.064,11829328.064,0,True,False
C,A,20220101,2022,52,2022,380,ITA,Italy,M,Import,854,BFA,Burkina Faso,0,W00,World,H6,HS,True,710812,"Metals; gold, non-monetary, unwrought (but not powder)",6,True,C00,TOTAL CPC,0,0,TOTAL MOT,8,kg,236.848,False,15,False,237.0,False,False,11829328.064,11829328.064,0,True,False
C,A,20220101,2022,52,2022,699,IND,India,M,Import,854,BFA,Burkina Faso,0,W00,World,H6,HS,True,710812,"Metals; gold, non-monetary, unwrought (but not powder)",6,True,C00,TOTAL CPC,0,0,TOTAL MOT,8,kg,653.0,False,8,False,653.0,False,False,31163211.669,31163211.669,0,True,False
C,A,20210101,2021,52,2021,800,UGA,Uganda,M,Import,854,BFA,Burkina Faso,0,W00,World,H5,HS,True,710813,"Metals; gold, semi-manufactured",6,True,C00,TOTAL CPC,0,0,TOTAL MOT,8,kg,1076.087,False,15,False,1071.0,False,False,61754082.8,61754082.8,0,True,False
C,A,20180101,2018,52,2018,800,UGA,Uganda,M,Import,854,BFA,Burkina Faso,0,W00,World,H5,HS,True,710813,"Metals; gold, semi-manufactured",6,True,C00,TOTAL CPC,0,0,TOTAL MOT,8,kg,438.0,False,15,False,438.0,False,False,15964993.0,15964993.0,0,False,True
C,A,20180101,2018,52,2018,800,UGA,Uganda,M,Import,854,BFA,Burkina Faso,0,W00,World,H5,HS,True,710813,"Metals; gold, semi-manufactured",6,True,C01,Clearance for home use,0,0,TOTAL MOT,8,kg,438.0,False,15,False,438.0,False,False,15964993.0,15964993.0,0,True,False
C,A,20190101,2019,52,2019,56,BEL,Belgium,M,Import,854,BFA,Burkina Faso,0,W00,World,H5,HS,True,710813,"Metals; gold, semi-manufactured",6,True,C00,TOTAL CPC,0,0,TOTAL MOT,8,kg,79.618,False,15,False,79.61,False,False,2845371.231,2845371.231,0,True,False
C,A,20190101,2019,52,2019,380,ITA,Italy,FM,Foreign Import,854,BFA,Burkina Faso,0,W00,World,H5,HS,True,710813,"Metals; gold, semi-manufactured",6,True,C00,TOTAL CPC,0,0,TOTAL MOT,8,kg,3.922,False,15,False,4.0,False,False,147275.589,147275.589,0,True,False
C,A,20190101,2019,52,2019,380,ITA,Italy,M,Import,854,BFA,Burkina Faso,0,W00,World,H5,HS,True,710813,"Metals; gold, semi-manufactured",6,True,C00,TOTAL CPC,0,0,TOTAL MOT,8,kg,3.922,False,15,False,4.0,False,False,147275.589,147275.589,0,True,False
C,A,20190101,2019,52,2019,466,MLI,Mali,M,Import,854,BFA,Burkina Faso,0,W00,World,H5,HS,True,710813,"Metals; gold, semi-manufactured",6,True,C00,TOTAL CPC,0,0,TOTAL MOT,8,kg,0.46,False,8,False,0.46,False,False,15453.71,15453.71,0,True,False
C,A,20190101,2019,52,2019,800,UGA,Uganda,M,Import,854,BFA,Burkina Faso,0,W00,World,H5,HS,True,710813,"Metals; gold, semi-manufactured",6,True,C00,TOTAL CPC,0,0,TOTAL MOT,8,kg,1983.269,False,15,False,1973.0,False,False,79807510.98,79807510.98,0,True,False
C,A,20200101,2020,52,2020,56,BEL,Belgium,M,Import,854,BFA,Burkina Faso,0,W00,World,H5,HS,True,710813,"Metals; gold, semi-manufactured",6,True,C00,TOTAL CPC,0,0,TOTAL MOT,8,kg,4.7,False,8,False,4.7,False,False,245216.015,245216.015,0,True,False
C,A,20200101,2020,52,2020,251,FRA,France,M,Import,854,BFA,Burkina Faso,0,W00,World,H5,HS,True,710813,"Metals; gold, semi-manufactured",6,True,C00,TOTAL CPC,0,0,TOTAL MOT,-1,Not Reported,0.0,False,15,False,3.0,False,False,153492.867,153492.867,0,True,False
C,A,20200101,2020,52,2020,800,UGA,Uganda,M,Import,854,BFA,Burkina Faso,0,W00,World,H5,HS,True,710813,"Metals; gold, semi-manufactured",6,True,C00,TOTAL CPC,0,0,TOTAL MOT,8,kg,2404.0,False,8,False,2404.0,False,False,131125589.0,131125589.0,0,False,True
C,A,20200101,2020,52,2020,800,UGA,Uganda,M,Import,854,BFA,Burkina Faso,0,W00,World,H5,HS,True,710813,"Metals; gold, semi-manufactured",6,True,C00,TOTAL CPC,0,1000,Air,8,kg,794.0,False,8,False,794.0,False,False,36924675.0,36924675.0,0,True,False
C,A,20200101,2020,52,2020,800,UGA,Uganda,M,Import,854,BFA,Burkina Faso,0,W00,World,H5,HS,True,710813,"Metals; gold, semi-manufactured",6,True,C00,TOTAL CPC,0,3200,Road,8,kg,1610.0,False,8,False,1610.0,False,False,94200914.0,94200914.0,0,True,False
C,A,20210101,2021,52,2021,56,BEL,Belgium,M,Import,854,BFA,Burkina Faso,0,W00,World,H5,HS,True,710813,"Metals; gold, semi-manufactured",6,True,C00,TOTAL CPC,0,0,TOTAL MOT,8,kg,23.79,False,8,False,23.79,False,False,1318752.784,1318752.784,0,True,False
C,A,20210101,2021,52,2021,724,ESP,Spain,FM,Foreign Import,854,BFA,Burkina Faso,0,W00,World,H5,HS,True,710813,"Metals; gold, semi-manufactured",6,True,C00,TOTAL CPC,0,0,TOTAL MOT,8,kg,1.199,False,15,False,1.199,False,False,55271.205,55271.205,0,False,True
C,A,20210101,2021,52,2021,724,ESP,Spain,M,Import,854,BFA,Burkina Faso,0,W00,World,H5,HS,True,710813,"Metals; gold, semi-manufactured",6,True,C00,TOTAL CPC,0,0,TOTAL MOT,8,kg,1.199,False,15,False,1.199,False,False,55271.205,55271.205,0,False,True
C,A,20210101,2021,52,2021,724,ESP,Spain,FM,Foreign Import,854,BFA,Burkina Faso,0,W00,World,H5,HS,True,710813,"Metals; gold, semi-manufactured",6,True,C00,TOTAL CPC,0,1000,Air,8,kg,1.199,False,15,False,1.199,False,False,55271.205,55271.205,0,False,True
C,A,20210101,2021,52,2021,724,ESP,Spain,M,Import,854,BFA,Burkina Faso,0,W00,World,H5,HS,True,710813,"Metals; gold, semi-manufactured",6,True,C00,TOTAL CPC,0,1000,Air,8,kg,1.199,False,15,False,1.199,False,False,55271.205,55271.205,0,False,True
C,A,20210101,2021,52,2021,724,ESP,Spain,FM,Foreign Import,854,BFA,Burkina Faso,0,W00,World,H5,HS,True,710813,"Metals; gold, semi-manufactured",6,True,C01,Clearance for home use,0,0,TOTAL MOT,8,kg,1.199,False,15,False,1.199,False,False,55271.205,55271.205,0,False,True
C,A,20210101,2021,52,2021,724,ESP,Spain,M,Import,854,BFA,Burkina Faso,0,W00,World,H5,HS,True,710813,"Metals; gold, semi-manufactured",6,True,C01,Clearance for home use,0,0,TOTAL MOT,8,kg,1.199,False,15,False,1.199,False,False,55271.205,55271.205,0,False,True
C,A,20210101,2021,52,2021,724,ESP,Spain,FM,Foreign Import,854,BFA,Burkina Faso,0,W00,World,H5,HS,True,710813,"Metals; gold, semi-manufactured",6,True,C01,Clearance for home use,0,1000,Air,8,kg,1.199,False,15,False,1.199,False,False,55271.205,55271.205,0,False,True
C,A,20210101,2021,52,2021,724,ESP,Spain,M,Import,854,BFA,Burkina Faso,0,W00,World,H5,HS,True,710813,"Metals; gold, semi-manufactured",6,True,C01,Clearance for home use,0,1000,Air,8,kg,1.199,False,15,False,1.199,False,False,55271.205,55271.205,0,False,True
C,A,20180101,2018,52,2018,251,FRA,France,M,Import,854,BFA,Burkina Faso,0,W00,World,H5,HS,True,710813,"Metals; gold, semi-manufactured",6,True,C00,TOTAL CPC,0,1000,Air,8,kg,2.651,True,-1,False,2.651,True,False,105126.684,105126.684,6,False,True
C,A,20180101,2018,52,2018,442,LUX,Luxembourg,FM,Foreign Import,854,BFA,Burkina Faso,0,W00,World,H5,HS,True,710813,"Metals; gold, semi-manufactured",6,True,C00,TOTAL CPC,0,0,TOTAL MOT,8,kg,8.882,False,15,False,8.882,False,False,195573.718,195573.718,0,False,True
C,A,20180101,2018,52,2018,442,LUX,Luxembourg,M,Import,854,BFA,Burkina Faso,0,W00,World,H5,HS,True,710813,"Metals; gold, semi-manufactured",6,True,C00,TOTAL CPC,0,0,TOTAL MOT,8,kg,8.882,False,15,False,8.882,False,False,195573.718,195573.718,0,False,True
C,A,20180101,2018,52,2018,442,LUX,Luxembourg,FM,Foreign Import,854,BFA,Burkina Faso,0,W00,World,H5,HS,True,710813,"Metals; gold, semi-manufactured",6,True,C00,TOTAL CPC,0,1000,Air,8,kg,8.882,False,15,False,8.882,False,False,195573.718,195573.718,0,False,True
C,A,20180101,2018,52,2018,442,LUX,Luxembourg,M,Import,854,BFA,Burkina Faso,0,W00,World,H5,HS,True,710813,"Metals; gold, semi-manufactured",6,True,C00,TOTAL CPC,0,1000,Air,8,kg,8.882,False,15,False,8.882,False,False,195573.718,195573.718,0,False,True
C,A,20180101,2018,52,2018,442,LUX,Luxembourg,FM,Foreign Import,854,BFA,Burkina Faso,0,W00,World,H5,HS,True,710813,"Metals; gold, semi-manufactured",6,True,C01,Clearance for home use,0,0,TOTAL MOT,8,kg,8.882,False,15,False,8.882,False,False,195573.718,195573.718,0,False,True
C,A,20180101,2018,52,2018,442,LUX,Luxembourg,M,Import,854,BFA,Burkina Faso,0,W00,World,H5,HS,True,710813,"Metals; gold, semi-manufactured",6,True,C01,Clearance for home use,0,0,TOTAL MOT,8,kg,8.882,False,15,False,8.882,False,False,195573.718,195573.718,0,False,True
C,A,20180101,2018,52,2018,442,LUX,Luxembourg,FM,Foreign Import,854,BFA,Burkina Faso,0,W00,World,H5,HS,True,710813,"Metals; gold, semi-manufactured",6,True,C01,Clearance for home use,0,1000,Air,8,kg,8.882,False,15,False,8.882,False,False,195573.718,195573.718,0,True,False
C,A,20180101,2018,52,2018,442,LUX,Luxembourg,M,Import,854,BFA,Burkina Faso,0,W00,World,H5,HS,True,710813,"Metals; gold, semi-manufactured",6,True,C01,Clearance for home use,0,1000,Air,8,kg,8.882,False,15,False,8.882,False,False,195573.718,195573.718,0,True,False
C,A,20170101,2017,52,2017,56,BEL,Belgium,M,Import,854,BFA,Burkina Faso,0,W00,World,H5,HS,True,710813,"Metals; gold, semi-manufactured",6,True,C00,TOTAL CPC,0,0,TOTAL MOT,8,kg,1.911,False,15,False,1.92,False,False,49768.871,49768.871,0,True,False
C,A,20170101,2017,52,2017,380,ITA,Italy,FM,Foreign Import,854,BFA,Burkina Faso,0,W00,World,H5,HS,True,710813,"Metals; gold, semi-manufactured",6,True,C00,TOTAL CPC,0,0,TOTAL MOT,8,kg,1.01,False,15,False,1.0,False,False,39117.464,39117.464,0,True,False
C,A,20170101,2017,52,2017,380,ITA,Italy,M,Import,854,BFA,Burkina Faso,0,W00,World,H5,HS,True,710813,"Metals; gold, semi-manufactured",6,True,C00,TOTAL CPC,0,0,TOTAL MOT,8,kg,1.01,False,15,False,1.0,False,False,39117.464,39117.464,0,True,False
C,A,20180101,2018,52,2018,251,FRA,France,M,Import,854,BFA,Burkina Faso,0,W00,World,H5,HS,True,710813,"Metals; gold, semi-manufactured",6,True,C00,TOTAL CPC,0,0,TOTAL MOT,8,kg,2.651,True,-1,False,2.651,True,False,105126.684,105126.684,6,False,True
C,A,20210101,2021,52,2021,380,ITA,Italy,M,Import,854,BFA,Burkina Faso,0,W00,World,H5,HS,True,710812,"Metals; gold, non-monetary, unwrought (but not powder)",6,True,C00,TOTAL CPC,0,0,TOTAL MOT,8,kg,28.943,False,15,False,29.0,False,False,1516456.402,1516456.402,0,True,False
C,A,20210101,2021,52,2021,699,IND,India,M,Import,854,BFA,Burkina Faso,0,W00,World,H5,HS,True,710812,"Metals; gold, non-monetary, unwrought (but not powder)",6,True,C00,TOTAL CPC,0,0,TOTAL MOT,8,kg,10670.0,False,8,False,10670.0,False,False,489401366.703,489401366.703,0,True,False
C,A,20210101,2021,52,2021,757,CHE,Switzerland,M,Import,854,BFA,Burkina Faso,0,W00,World,H5,HS,True,710812,"Metals; gold, non-monetary, unwrought (but not powder)",6,True,C00,TOTAL CPC,0,0,TOTAL MOT,8,kg,67857.0,False,8,False,67857.0,False,False,3378190149.853,3378190149.853,0,False,True
C,A,20210101,2021,52,2021,784,ARE,United Arab Emirates,M,Import,854,BFA,Burkina Faso,0,W00,World,H5,HS,True,710812,"Metals; gold, non-monetary, unwrought (but not powder)",6,True,C00,TOTAL CPC,0,0,TOTAL MOT,8,kg,301.78,False,8,False,301.78,False,False,17399235.729,17399235.729,0,True,False
C,A,20210101,2021,52,2021,757,CHE,Switzerland,M,Import,854,BFA,Burkina Faso,0,W00,World,H5,HS,True,710812,"Metals; gold, non-monetary, unwrought (but not powder)",6,True,C00,TOTAL CPC,0,1000,Air,8,kg,67857.0,False,8,False,67857.0,False,False,3378190149.853,3378190149.853,0,False,True
C,A,20210101,2021,52,2021,757,CHE,Switzerland,M,Import,854,BFA,Burkina Faso,0,W00,World,H5,HS,True,710812,"Metals; gold, non-monetary, unwrought (but not powder)",6,True,C01,Clearance for home use,0,0,TOTAL MOT,8,kg,67857.0,False,8,False,67857.0,False,False,3378190149.853,3378190149.853,0,False,True
C,A,20210101,2021,52,2021,757,CHE,Switzerland,M,Import,854,BFA,Burkina Faso,0,W00,World,H5,HS,True,710812,"Metals; gold, non-monetary, unwrought (but not powder)",6,True,C01,Clearance for home use,0,1000,Air,8,kg,67857.0,False,8,False,67857.0,False,False,3378190149.853,3378190149.853,0,True,False
C,A,20190101,2019,52,2019,124,CAN,Canada,FM,Foreign Import,854,BFA,Burkina Faso,0,W00,World,H5,HS,True,710812,"Metals; gold, non-monetary, unwrought (but not powder)",6,True,C00,TOTAL CPC,0,1000,Air,8,kg,3.501,False,15,False,3.501,False,False,0.0,40580.952,0,False,True
C,A,20190101,2019,52,2019,124,CAN,Canada,M,Import,854,BFA,Burkina Faso,0,W00,World,H5,HS,True,710812,"Metals; gold, non-monetary, unwrought (but not powder)",6,True,C00,TOTAL CPC,0,1000,Air,8,kg,3.501,False,15,False,3.501,False,False,0.0,40580.952,0,False,True
C,A,20190101,2019,52,2019,251,FRA,France,M,Import,854,BFA,Burkina Faso,0,W00,World,H5,HS,True,710812,"Metals; gold, non-monetary, unwrought (but not powder)",6,True,C00,TOTAL CPC,0,0,TOTAL MOT,8,kg,3.0,False,8,False,3.0,False,False,39415.885,39415.885,0,False,True
C,A,20190101,2019,52,2019,251,FRA,France,M,Import,854,BFA,Burkina Faso,0,W00,World,H5,HS,True,710812,"Metals; gold, non-monetary, unwrought (but not powder)",6,True,C00,TOTAL CPC,0,1000,Air,8,kg,3.0,False,8,False,3.0,False,False,39415.885,39415.885,0,False,True
C,A,20190101,2019,52,2019,380,ITA,Italy,FM,Foreign Import,854,BFA,Burkina Faso,0,W00,World,H5,HS,True,710812,"Metals; gold, non-monetary, unwrought (but not powder)",6,True,C00,TOTAL CPC,0,0,TOTAL MOT,8,kg,0.867,False,15,False,1.0,False,False,36484.417,36484.417,0,True,False
C,A,20190101,2019,52,2019,380,ITA,Italy,M,Import,854,BFA,Burkina Faso,0,W00,World,H5,HS,True,710812,"Metals; gold, non-monetary, unwrought (but not powder)",6,True,C00,TOTAL CPC,0,0,TOTAL MOT,8,kg,0.867,False,15,False,1.0,False,False,36484.417,36484.417,0,True,False
C,A,20190101,2019,52,2019,699,IND,India,M,Import,854,BFA,Burkina Faso,0,W00,World,H5,HS,True,710812,"Metals; gold, non-monetary, unwrought (but not powder)",6,True,C00,TOTAL CPC,0,0,TOTAL MOT,8,kg,17839.0,False,-1,False,17839.0,False,False,633432675.715,633432675.715,0,True,False
C,A,20190101,2019,52,2019,757,CHE,Switzerland,FM,Foreign Import,854,BFA,Burkina Faso,0,W00,World,H5,HS,True,710812,"Metals; gold, non-monetary, unwrought (but not powder)",6,True,C00,TOTAL CPC,0,0,TOTAL MOT,8,kg,43237.0,False,8,False,43237.0,False,False,1717926854.632,1717926854.632,0,False,True
C,A,20190101,2019,52,2019,757,CHE,Switzerland,M,Import,854,BFA,Burkina Faso,0,W00,World,H5,HS,True,710812,"Metals; gold, non-monetary, unwrought (but not powder)",6,True,C00,TOTAL CPC,0,0,TOTAL MOT,8,kg,43237.0,False,8,False,43237.0,False,False,1717926854.632,1717926854.632,0,False,True
C,A,20190101,2019,52,2019,784,ARE,United Arab Emirates,M,Import,854,BFA,Burkina Faso,0,W00,World,H5,HS,True,710812,"Metals; gold, non-monetary, unwrought (but not powder)",6,True,C00,TOTAL CPC,0,0,TOTAL MOT,8,kg,136.26,False,8,False,136.26,False,False,5287948.203,5287948.203,0,True,False
C,A,20190101,2019,52,2019,757,CHE,Switzerland,FM,Foreign Import,854,BFA,Burkina Faso,0,W00,World,H5,HS,True,710812,"Metals; gold, non-monetary, unwrought (but not powder)",6,True,C00,TOTAL CPC,0,1000,Air,8,kg,43237.0,False,8,False,43237.0,False,False,1717926854.632,1717926854.632,0,False,True
C,A,20190101,2019,52,2019,757,CHE,Switzerland,M,Import,854,BFA,Burkina Faso,0,W00,World,H5,HS,True,710812,"Metals; gold, non-monetary, unwrought (but not powder)",6,True,C00,TOTAL CPC,0,1000,Air,8,kg,43237.0,False,8,False,43237.0,False,False,1717926854.632,1717926854.632,0,False,True
C,A,20190101,2019,52,2019,757,CHE,Switzerland,FM,Foreign Import,854,BFA,Burkina Faso,0,W00,World,H5,HS,True,710812,"Metals; gold, non-monetary, unwrought (but not powder)",6,True,C01,Clearance for home use,0,0,TOTAL MOT,8,kg,43237.0,False,8,False,43237.0,False,False,1717926854.632,1717926854.632,0,False,True
C,A,20190101,2019,52,2019,757,CHE,Switzerland,M,Import,854,BFA,Burkina Faso,0,W00,World,H5,HS,True,710812,"Metals; gold, non-monetary, unwrought (but not powder)",6,True,C01,Clearance for home use,0,0,TOTAL MOT,8,kg,43237.0,False,8,False,43237.0,False,False,1717926854.632,1717926854.632,0,False,True
C,A,20190101,2019,52,2019,757,CHE,Switzerland,FM,Foreign Import,854,BFA,Burkina Faso,0,W00,World,H5,HS,True,710812,"Metals; gold, non-monetary, unwrought (but not powder)",6,True,C01,Clearance for home use,0,1000,Air,8,kg,43237.0,False,8,False,43237.0,False,False,1717926854.632,1717926854.632,0,True,False
C,A,20190101,2019,52,2019,757,CHE,Switzerland,M,Import,854,BFA,Burkina Faso,0,W00,World,H5,HS,True,710812,"Metals; gold, non-monetary, unwrought (but not powder)",6,True,C01,Clearance for home use,0,1000,Air,8,kg,43237.0,False,8,False,43237.0,False,False,1717926854.632,1717926854.632,0,True,False
C,A,20190101,2019,52,2019,792,TUR,Türkiye,M,Import,854,BFA,Burkina Faso,0,W00,World,H5,HS,True,710812,"Metals; gold, non-monetary, unwrought (but not powder)",6,True,C00,TOTAL CPC,0,0,TOTAL MOT,8,kg,4.73,False,15,False,5.0,False,False,192800.0,192800.0,0,False,True
C,A,20190101,2019,52,2019,792,TUR,Türkiye,M,Import,854,BFA,Burkina Faso,0,W00,World,H5,HS,True,710812,"Metals; gold, non-monetary, unwrought (but not powder)",6,True,C00,TOTAL CPC,0,1000,Air,8,kg,4.73,False,15,False,5.0,False,False,192800.0,192800.0,0,False,True
C,A,20190101,2019,52,2019,792,TUR,Türkiye,M,Import,854,BFA,Burkina Faso,0,W00,World,H5,HS,True,710812,"Metals; gold, non-monetary, unwrought (but not powder)",6,True,C01,Clearance for home use,0,0,TOTAL MOT,8,kg,2.725,False,15,False,3.0,False,False,103978.0,103978.0,0,False,True
C,A,20190101,2019,52,2019,792,TUR,Türkiye,M,Import,854,BFA,Burkina Faso,0,W00,World,H5,HS,True,710812,"Metals; gold, non-monetary, unwrought (but not powder)",6,True,C01,Clearance for home use,0,1000,Air,8,kg,2.725,False,15,False,3.0,False,False,103978.0,103978.0,0,False,True
C,A,20190101,2019,52,2019,792,TUR,Türkiye,M,Import,854,BFA,Burkina Faso,0,W00,World,H5,HS,True,710812,"Metals; gold, non-monetary, unwrought (but not powder)",6,True,C06,Inward processing,0,0,TOTAL MOT,8,kg,2.005,False,15,False,2.0,False,False,88822.0,88822.0,0,False,True
C,A,20190101,2019,52,2019,792,TUR,Türkiye,M,Import,854,BFA,Burkina Faso,0,W00,World,H5,HS,True,710812,"Metals; gold, non-monetary, unwrought (but not powder)",6,True,C06,Inward processing,0,1000,Air,8,kg,2.005,False,15,False,2.0,False,False,88822.0,88822.0,0,False,True
C,A,20200101,2020,52,2020,56,BEL,Belgium,M,Import,854,BFA,Burkina Faso,0,W00,World,H5,HS,True,710812,"Metals; gold, non-monetary, unwrought (but not powder)",6,True,C00,TOTAL CPC,0,0,TOTAL MOT,8,kg,64.63,False,8,False,64.63,False,False,3202712.25,3202712.25,0,True,False
C,A,20200101,2020,52,2020,699,IND,India,M,Import,854,BFA,Burkina Faso,0,W00,World,H5,HS,True,710812,"Metals; gold, non-monetary, unwrought (but not powder)",6,True,C00,TOTAL CPC,0,0,TOTAL MOT,8,kg,6977.0,False,8,False,6977.0,False,False,311374834.232,311374834.232,0,True,False
C,A,20200101,2020,52,2020,757,CHE,Switzerland,FM,Foreign Import,854,BFA,Burkina Faso,0,W00,World,H5,HS,True,710812,"Metals; gold, non-monetary, unwrought (but not powder)",6,True,C00,TOTAL CPC,0,0,TOTAL MOT,8,kg,67977.0,False,8,False,67977.0,False,False,3235141524.582,3235141524.582,0,False,True
C,A,20200101,2020,52,2020,757,CHE,Switzerland,M,Import,854,BFA,Burkina Faso,0,W00,World,H5,HS,True,710812,"Metals; gold, non-monetary, unwrought (but not powder)",6,True,C00,TOTAL CPC,0,0,TOTAL MOT,8,kg,67977.0,False,8,False,67977.0,False,False,3235141524.582,3235141524.582,0,False,True
C,A,20200101,2020,52,2020,784,ARE,United Arab Emirates,M,Import,854,BFA,Burkina Faso,0,W00,World,H5,HS,True,710812,"Metals; gold, non-monetary, unwrought (but not powder)",6,True,C00,TOTAL CPC,0,0,TOTAL MOT,8,kg,138.65,False,8,False,138.65,False,False,7488569.983,7488569.983,0,True,False
C,A,20200101,2020,52,2020,757,CHE,Switzerland,FM,Foreign Import,854,BFA,Burkina Faso,0,W00,World,H5,HS,True,710812,"Metals; gold, non-monetary, unwrought (but not powder)",6,True,C00,TOTAL CPC,0,1000,Air,8,kg,63489.0,False,8,False,63489.0,False,False,2996392526.942,2996392526.942,0,False,True
C,A,20200101,2020,52,2020,757,CHE,Switzerland,M,Import,854,BFA,Burkina Faso,0,W00,World,H5,HS,True,710812,"Metals; gold, non-monetary, unwrought (but not powder)",6,True,C00,TOTAL CPC,0,1000,Air,8,kg,63489.0,False,8,False,63489.0,False,False,2996392526.942,2996392526.942,0,False,True
C,A,20200101,2020,52,2020,757,CHE,Switzerland,FM,Foreign Import,854,BFA,Burkina Faso,0,W00,World,H5,HS,True,710812,"Metals; gold, non-monetary, unwrought (but not powder)",6,True,C00,TOTAL CPC,0,3200,Road,8,kg,4488.0,False,8,False,4488.0,False,False,238748997.64,238748997.64,0,False,True
C,A,20200101,2020,52,2020,757,CHE,Switzerland,M,Import,854,BFA,Burkina Faso,0,W00,World,H5,HS,True,710812,"Metals; gold, non-monetary, unwrought (but not powder)",6,True,C00,TOTAL CPC,0,3200,Road,8,kg,4488.0,False,8,False,4488.0,False,False,238748997.64,238748997.64,0,False,True
C,A,20200101,2020,52,2020,757,CHE,Switzerland,FM,Foreign Import,854,BFA,Burkina Faso,0,W00,World,H5,HS,True,710812,"Metals; gold, non-monetary, unwrought (but not powder)",6,True,C01,Clearance for home use,0,0,TOTAL MOT,8,kg,67977.0,False,8,False,67977.0,False,False,3235141524.582,3235141524.582,0,False,True
C,A,20200101,2020,52,2020,757,CHE,Switzerland,M,Import,854,BFA,Burkina Faso,0,W00,World,H5,HS,True,710812,"Metals; gold, non-monetary, unwrought (but not powder)",6,True,C01,Clearance for home use,0,0,TOTAL MOT,8,kg,67977.0,False,8,False,67977.0,False,False,3235141524.582,3235141524.582,0,False,True
C,A,20200101,2020,52,2020,757,CHE,Switzerland,FM,Foreign Import,854,BFA,Burkina Faso,0,W00,World,H5,HS,True,710812,"Metals; gold, non-monetary, unwrought (but not powder)",6,True,C01,Clearance for home use,0,1000,Air,8,kg,63489.0,False,8,False,63489.0,False,False,2996392526.942,2996392526.942,0,True,False
C,A,20200101,2020,52,2020,757,CHE,Switzerland,M,Import,854,BFA,Burkina Faso,0,W00,World,H5,HS,True,710812,"Metals; gold, non-monetary, unwrought (but not powder)",6,True,C01,Clearance for home use,0,1000,Air,8,kg,63489.0,False,8,False,63489.0,False,False,2996392526.942,2996392526.942,0,True,False
C,A,20200101,2020,52,2020,757,CHE,Switzerland,FM,Foreign Import,854,BFA,Burkina Faso,0,W00,World,H5,HS,True,710812,"Metals; gold, non-monetary, unwrought (but not powder)",6,True,C01,Clearance for home use,0,3200,Road,8,kg,4488.0,False,8,False,4488.0,False,False,238748997.64,238748997.64,0,True,False
C,A,20200101,2020,52,2020,757,CHE,Switzerland,M,Import,854,BFA,Burkina Faso,0,W00,World,H5,HS,True,710812,"Metals; gold, non-monetary, unwrought (but not powder)",6,True,C01,Clearance for home use,0,3200,Road,8,kg,4488.0,False,8,False,4488.0,False,False,238748997.64,238748997.64,0,True,False
C,A,20200101,2020,52,2020,792,TUR,Türkiye,M,Import,854,BFA,Burkina Faso,0,W00,World,H5,HS,True,710812,"Metals; gold, non-monetary, unwrought (but not powder)",6,True,C00,TOTAL CPC,0,0,TOTAL MOT,8,kg,5.247,False,15,False,5.0,False,False,280707.0,280707.0,0,False,True
C,A,20200101,2020,52,2020,792,TUR,Türkiye,M,Import,854,BFA,Burkina Faso,0,W00,World,H5,HS,True,710812,"Metals; gold, non-monetary, unwrought (but not powder)",6,True,C00,TOTAL CPC,0,1000,Air,8,kg,5.247,False,15,False,5.0,False,False,280707.0,280707.0,0,False,True
C,A,20200101,2020,52,2020,792,TUR,Türkiye,M,Import,854,BFA,Burkina Faso,0,W00,World,H5,HS,True,710812,"Metals; gold, non-monetary, unwrought (but not powder)",6,True,C01,Clearance for home use,0,0,TOTAL MOT,8,kg,5.247,False,15,False,5.0,False,False,280707.0,280707.0,0,False,True
C,A,20200101,2020,52,2020,792,TUR,Türkiye,M,Import,854,BFA,Burkina Faso,0,W00,World,H5,HS,True,710812,"Metals; gold, non-monetary, unwrought (but not powder)",6,True,C01,Clearance for home use,0,1000,Air,8,kg,5.247,False,15,False,5.0,False,False,280707.0,280707.0,0,False,True
C,A,20210101,2021,52,2021,251,FRA,France,M,Import,854,BFA,Burkina Faso,0,W00,World,H5,HS,True,710812,"Metals; gold, non-monetary, unwrought (but not powder)",6,True,C00,TOTAL CPC,0,0,TOTAL MOT,8,kg,9.248,False,15,False,9.0,False,False,442451.323,442451.323,0,True,False
C,A,20210101,2021,52,2021,380,ITA,Italy,FM,Foreign Import,854,BFA,Burkina Faso,0,W00,World,H5,HS,True,710812,"Metals; gold, non-monetary, unwrought (but not powder)",6,True,C00,TOTAL CPC,0,0,TOTAL MOT,8,kg,28.943,False,15,False,29.0,False,False,1516456.402,1516456.402,0,True,False
C,A,20180101,2018,52,2018,124,CAN,Canada,M,Import,854,BFA,Burkina Faso,0,W00,World,H5,HS,True,710812,"Metals; gold, non-monetary, unwrought (but not powder)",6,True,C00,TOTAL CPC,0,0,TOTAL MOT,8,kg,11.344,False,15,False,11.344,False,False,0.0,134683.529,0,False,True
C,A,20180101,2018,52,2018,124,CAN,Canada,FM,Foreign Import,854,BFA,Burkina Faso,0,W00,World,H5,HS,True,710812,"Metals; gold, non-monetary, unwrought (but not powder)",6,True,C00,TOTAL CPC,0,1000,Air,8,kg,11.344,False,15,False,11.344,False,False,0.0,134683.529,0,False,True
C,A,20180101,2018,52,2018,124,CAN,Canada,M,Import,854,BFA,Burkina Faso,0,W00,World,H5,HS,True,710812,"Metals; gold, non-monetary, unwrought (but not powder)",6,True,C00,TOTAL CPC,0,1000,Air,8,kg,11.344,False,15,False,11.344,False,False,0.0,134683.529,0,False,True
C,A,20180101,2018,52,2018,251,FRA,France,M,Import,854,BFA,Burkina Faso,0,W00,World,H5,HS,True,710812,"Metals; gold, non-monetary, unwrought (but not powder)",6,True,C00,TOTAL CPC,0,0,TOTAL MOT,8,kg,0.403,False,15,False,0.403,False,False,113404.022,113404.022,0,False,True
C,A,20180101,2018,52,2018,251,FRA,France,M,Import,854,BFA,Burkina Faso,0,W00,World,H5,HS,True,710812,"Metals; gold, non-monetary, unwrought (but not powder)",6,True,C00,TOTAL CPC,0,1000,Air,8,kg,0.403,False,15,False,0.403,False,False,113404.022,113404.022,0,False,True
C,A,20180101,2018,52,2018,699,IND,India,M,Import,854,BFA,Burkina Faso,0,W00,World,H5,HS,True,710812,"Metals; gold, non-monetary, unwrought (but not powder)",6,True,C00,TOTAL CPC,0,0,TOTAL MOT,8,kg,19528.0,False,8,False,19528.0,False,False,633695308.816,633695308.816,0,True,False
C,A,20180101,2018,52,2018,757,CHE,Switzerland,FM,Foreign Import,854,BFA,Burkina Faso,0,W00,World,H5,HS,True,710812,"Metals; gold, non-monetary, unwrought (but not powder)",6,True,C00,TOTAL CPC,0,0,TOTAL MOT,8,kg,41837.0,False,8,False,41837.0,False,False,1504384828.367,1504384828.367,0,False,True
C,A,20180101,2018,52,2018,757,CHE,Switzerland,M,Import,854,BFA,Burkina Faso,0,W00,World,H5,HS,True,710812,"Metals; gold, non-monetary, unwrought (but not powder)",6,True,C00,TOTAL CPC,0,0,TOTAL MOT,8,kg,41837.0,False,8,False,41837.0,False,False,1504384828.367,1504384828.367,0,False,True
C,A,20180101,2018,52,2018,784,ARE,United Arab Emirates,M,Import,854,BFA,Burkina Faso,0,W00,World,H5,HS,True,710812,"Metals; gold, non-monetary, unwrought (but not powder)",6,True,C00,TOTAL CPC,0,0,TOTAL MOT,8,kg,149.53,False,8,False,149.53,False,False,5100263.164,5100263.164,0,True,False
C,A,20180101,2018,52,2018,757,CHE,Switzerland,FM,Foreign Import,854,BFA,Burkina Faso,0,W00,World,H5,HS,True,710812,"Metals; gold, non-monetary, unwrought (but not powder)",6,True,C00,TOTAL CPC,0,1000,Air,8,kg,41837.0,False,8,False,41837.0,False,False,1504384828.367,1504384828.367,0,False,True
C,A,20180101,2018,52,2018,757,CHE,Switzerland,M,Import,854,BFA,Burkina Faso,0,W00,World,H5,HS,True,710812,"Metals; gold, non-monetary, unwrought (but not powder)",6,True,C00,TOTAL CPC,0,1000,Air,8,kg,41837.0,False,8,False,41837.0,False,False,1504384828.367,1504384828.367,0,False,True
C,A,20180101,2018,52,2018,757,CHE,Switzerland,FM,Foreign Import,854,BFA,Burkina Faso,0,W00,World,H5,HS,True,710812,"Metals; gold, non-monetary, unwrought (but not powder)",6,True,C01,Clearance for home use,0,0,TOTAL MOT,8,kg,41837.0,False,8,False,41837.0,False,False,1504384828.367,1504384828.367,0,False,True
C,A,20180101,2018,52,2018,757,CHE,Switzerland,M,Import,854,BFA,Burkina Faso,0,W00,World,H5,HS,True,710812,"Metals; gold, non-monetary, unwrought (but not powder)",6,True,C01,Clearance for home use,0,0,TOTAL MOT,8,kg,41837.0,False,8,False,41837.0,False,False,1504384828.367,1504384828.367,0,False,True
C,A,20180101,2018,52,2018,757,CHE,Switzerland,FM,Foreign Import,854,BFA,Burkina Faso,0,W00,World,H5,HS,True,710812,"Metals; gold, non-monetary, unwrought (but not powder)",6,True,C01,Clearance for home use,0,1000,Air,8,kg,41837.0,False,8,False,41837.0,False,False,1504384828.367,1504384828.367,0,True,False
C,A,20180101,2018,52,2018,757,CHE,Switzerland,M,Import,854,BFA,Burkina Faso,0,W00,World,H5,HS,True,710812,"Metals; gold, non-monetary, unwrought (but not powder)",6,True,C01,Clearance for home use,0,1000,Air,8,kg,41837.0,False,8,False,41837.0,False,False,1504384828.367,1504384828.367,0,True,False
C,A,20180101,2018,52,2018,792,TUR,Türkiye,M,Import,854,BFA,Burkina Faso,0,W00,World,H5,HS,True,710812,"Metals; gold, non-monetary, unwrought (but not powder)",6,True,C00,TOTAL CPC,0,0,TOTAL MOT,8,kg,2.007,False,15,False,2.0,False,False,75087.0,75087.0,0,False,True
C,A,20180101,2018,52,2018,792,TUR,Türkiye,M,Import,854,BFA,Burkina Faso,0,W00,World,H5,HS,True,710812,"Metals; gold, non-monetary, unwrought (but not powder)",6,True,C00,TOTAL CPC,0,1000,Air,8,kg,2.007,False,15,False,2.0,False,False,75087.0,75087.0,0,False,True
C,A,20180101,2018,52,2018,792,TUR,Türkiye,M,Import,854,BFA,Burkina Faso,0,W00,World,H5,HS,True,710812,"Metals; gold, non-monetary, unwrought (but not powder)",6,True,C01,Clearance for home use,0,0,TOTAL MOT,8,kg,2.007,False,15,False,2.0,False,False,75087.0,75087.0,0,False,True
C,A,20180101,2018,52,2018,792,TUR,Türkiye,M,Import,854,BFA,Burkina Faso,0,W00,World,H5,HS,True,710812,"Metals; gold, non-monetary, unwrought (but not powder)",6,True,C01,Clearance for home use,0,1000,Air,8,kg,2.007,False,15,False,2.0,False,False,75087.0,75087.0,0,False,True
C,A,20190101,2019,52,2019,124,CAN,Canada,FM,Foreign Import,854,BFA,Burkina Faso,0,W00,World,H5,HS,True,710812,"Metals; gold, non-monetary, unwrought (but not powder)",6,True,C00,TOTAL CPC,0,0,TOTAL MOT,8,kg,3.501,False,15,False,3.501,False,False,0.0,40580.952,0,False,True
C,A,20190101,2019,52,2019,124,CAN,Canada,M,Import,854,BFA,Burkina Faso,0,W00,World,H5,HS,True,710812,"Metals; gold, non-monetary, unwrought (but not powder)",6,True,C00,TOTAL CPC,0,0,TOTAL MOT,8,kg,3.501,False,15,False,3.501,False,False,0.0,40580.952,0,False,True
C,A,20170101,2017,52,2017,757,CHE,Switzerland,FM,Foreign Import,854,BFA,Burkina Faso,0,W00,World,H5,HS,True,710812,"Metals; gold, non-monetary, unwrought (but not powder)",6,True,C00,TOTAL CPC,0,0,TOTAL MOT,8,kg,37615.0,False,8,False,37615.0,False,False,1314430926.619,1314430926.619,0,False,True
C,A,20170101,2017,52,2017,757,CHE,Switzerland,M,Import,854,BFA,Burkina Faso,0,W00,World,H5,HS,True,710812,"Metals; gold, non-monetary, unwrought (but not powder)",6,True,C00,TOTAL CPC,0,0,TOTAL MOT,8,kg,37615.0,False,8,False,37615.0,False,False,1314430926.619,1314430926.619,0,False,True
C,A,20170101,2017,52,2017,757,CHE,Switzerland,FM,Foreign Import,854,BFA,Burkina Faso,0,W00,World,H5,HS,True,710812,"Metals; gold, non-monetary, unwrought (but not powder)",6,True,C00,TOTAL CPC,0,1000,Air,8,kg,37615.0,False,8,False,37615.0,False,False,1314430926.619,1314430926.619,0,False,True
C,A,20170101,2017,52,2017,757,CHE,Switzerland,M,Import,854,BFA,Burkina Faso,0,W00,World,H5,HS,True,710812,"Metals; gold, non-monetary, unwrought (but not powder)",6,True,C00,TOTAL CPC,0,1000,Air,8,kg,37615.0,False,8,False,37615.0,False,False,1314430926.619,1314430926.619,0,False,True
C,A,20170101,2017,52,2017,757,CHE,Switzerland,FM,Foreign Import,854,BFA,Burkina Faso,0,W00,World,H5,HS,True,710812,"Metals; gold, non-monetary, unwrought (but not powder)",6,True,C01,Clearance for home use,0,0,TOTAL MOT,8,kg,37615.0,False,8,False,37615.0,False,False,1314430926.619,1314430926.619,0,False,True
C,A,20170101,2017,52,2017,757,CHE,Switzerland,M,Import,854,BFA,Burkina Faso,0,W00,World,H5,HS,True,710812,"Metals; gold, non-monetary, unwrought (but not powder)",6,True,C01,Clearance for home use,0,0,TOTAL MOT,8,kg,37615.0,False,8,False,37615.0,False,False,1314430926.619,1314430926.619,0,False,True
C,A,20170101,2017,52,2017,757,CHE,Switzerland,FM,Foreign Import,854,BFA,Burkina Faso,0,W00,World,H5,HS,True,710812,"Metals; gold, non-monetary, unwrought (but not powder)",6,True,C01,Clearance for home use,0,1000,Air,8,kg,37615.0,False,8,False,37615.0,False,False,1314430926.619,1314430926.619,0,True,False
C,A,20170101,2017,52,2017,757,CHE,Switzerland,M,Import,854,BFA,Burkina Faso,0,W00,World,H5,HS,True,710812,"Metals; gold, non-monetary, unwrought (but not powder)",6,True,C01,Clearance for home use,0,1000,Air,8,kg,37615.0,False,8,False,37615.0,False,False,1314430926.619,1314430926.619,0,True,False
C,A,20180101,2018,52,2018,124,CAN,Canada,FM,Foreign Import,854,BFA,Burkina Faso,0,W00,World,H5,HS,True,710812,"Metals; gold, non-monetary, unwrought (but not powder)",6,True,C00,TOTAL CPC,0,0,TOTAL MOT,8,kg,11.344,False,15,False,11.344,False,False,0.0,134683.529,0,False,True
C,A,20170101,2017,52,2017,20,AND,Andorra,M,Import,854,BFA,Burkina Faso,0,W00,World,H5,HS,True,710812,"Metals; gold, non-monetary, unwrought (but not powder)",6,True,C00,TOTAL CPC,0,0,TOTAL MOT,8,kg,0.04,False,8,False,0.04,False,False,1489.421,1489.421,0,True,False
C,A,20170101,2017,52,2017,380,ITA,Italy,FM,Foreign Import,854,BFA,Burkina Faso,0,W00,World,H5,HS,True,710812,"Metals; gold, non-monetary, unwrought (but not powder)",6,True,C00,TOTAL CPC,0,0,TOTAL MOT,8,kg,4.083,False,15,False,5.0,False,False,159853.251,159853.251,0,True,False
C,A,20170101,2017,52,2017,380,ITA,Italy,M,Import,854,BFA,Burkina Faso,0,W00,World,H5,HS,True,710812,"Metals; gold, non-monetary, unwrought (but not powder)",6,True,C00,TOTAL CPC,0,0,TOTAL MOT,8,kg,4.083,False,15,False,5.0,False,False,159853.251,159853.251,0,True,False
C,A,20170101,2017,52,2017,699,IND,India,M,Import,854,BFA,Burkina Faso,0,W00,World,H5,HS,True,710812,"Metals; gold, non-monetary, unwrought (but not powder)",6,True,C00,TOTAL CPC,0,0,TOTAL MOT,8,kg,16047.0,False,8,False,16047.0,False,False,553551925.308,553551925.308,0,True,False
C,A,20160101,2016,52,2016,757,CHE,Switzerland,FM,Foreign Import,854,BFA,Burkina Faso,0,W00,World,H4,HS,True,710812,"Metals; gold, non-monetary, unwrought (but not powder)",6,True,C01,Clearance for home use,0,1000,Air,8,kg,39069.0,False,8,False,39069.0,False,False,1329799654.129,1329799654.129,0,True,False
C,A,20160101,2016,52,2016,757,CHE,Switzerland,M,Import,854,BFA,Burkina Faso,0,W00,World,H4,HS,True,710812,"Metals; gold, non-monetary, unwrought (but not powder)",6,True,C01,Clearance for home use,0,1000,Air,8,kg,39069.0,False,8,False,39069.0,False,False,1329799654.129,1329799654.129,0,True,False
C,A,20170101,2017,52,2017,784,ARE,United Arab Emirates,M,Import,854,BFA,Burkina Faso,0,W00,World,H4,HS,True,710812,"Metals; gold, non-monetary, unwrought (but not powder)",6,True,C00,TOTAL CPC,0,0,TOTAL MOT,8,kg,209.0,False,8,False,209.0,False,False,7195794.818,7195794.818,0,True,False
C,A,20190101,2019,52,2019,646,RWA,Rwanda,M,Import,854,BFA,Burkina Faso,0,W00,World,H4,HS,True,710812,"Metals; gold, non-monetary, unwrought (but not powder)",6,True,C00,TOTAL CPC,0,0,TOTAL MOT,8,kg,399.94,False,8,False,399.94,False,False,18247256.91,18247256.91,0,True,False
C,A,20200101,2020,52,2020,646,RWA,Rwanda,M,Import,854,BFA,Burkina Faso,0,W00,World,H4,HS,True,710812,"Metals; gold, non-monetary, unwrought (but not powder)",6,True,C00,TOTAL CPC,0,0,TOTAL MOT,8,kg,2342.85,False,8,False,2342.85,False,False,119369008.68,119369008.68,0,True,False
C,A,20210101,2021,52,2021,646,RWA,Rwanda,M,Import,854,BFA,Burkina Faso,0,W00,World,H4,HS,True,710812,"Metals; gold, non-monetary, unwrought (but not powder)",6,True,C00,TOTAL CPC,0,0,TOTAL MOT,8,kg,420.0,False,8,False,420.0,False,False,22180192.47,22180192.47,0,True,False
C,A,20220101,2022,52,2022,646,RWA,Rwanda,M,Import,854,BFA,Burkina Faso,0,W00,World,H4,HS,True,710812,"Metals; gold, non-monetary, unwrought (but not powder)",6,True,C00,TOTAL CPC,0,0,TOTAL MOT,8,kg,631.0,False,8,False,631.0,False,False,36419868.61,36419868.61,0,True,False
C,A,20150101,2015,52,2015,784,ARE,United Arab Emirates,M,Import,854,BFA,Burkina Faso,0,W00,World,H4,HS,True,710812,"Metals; gold, non-monetary, unwrought (but not powder)",6,True,C00,TOTAL CPC,0,0,TOTAL MOT,8,kg,95.45,False,8,False,95.45,False,False,3225092.938,3225092.938,0,True,False
C,A,20150101,2015,52,2015,757,CHE,Switzerland,FM,Foreign Import,854,BFA,Burkina Faso,0,W00,World,H4,HS,True,710812,"Metals; gold, non-monetary, unwrought (but not powder)",6,True,C00,TOTAL CPC,0,1000,Air,8,kg,30869.0,False,8,False,30869.0,False,False,996483645.107,996483645.107,0,False,True
C,A,20150101,2015,52,2015,757,CHE,Switzerland,M,Import,854,BFA,Burkina Faso,0,W00,World,H4,HS,True,710812,"Metals; gold, non-monetary, unwrought (but not powder)",6,True,C00,TOTAL CPC,0,1000,Air,8,kg,30869.0,False,8,False,30869.0,False,False,996483645.107,996483645.107,0,False,True
C,A,20150101,2015,52,2015,757,CHE,Switzerland,FM,Foreign Import,854,BFA,Burkina Faso,0,W00,World,H4,HS,True,710812,"Metals; gold, non-monetary, unwrought (but not powder)",6,True,C01,Clearance for home use,0,0,TOTAL MOT,8,kg,30869.0,False,8,False,30869.0,False,False,996483645.107,996483645.107,0,False,True
C,A,20150101,2015,52,2015,757,CHE,Switzerland,M,Import,854,BFA,Burkina Faso,0,W00,World,H4,HS,True,710812,"Metals; gold, non-monetary, unwrought (but not powder)",6,True,C01,Clearance for home use,0,0,TOTAL MOT,8,kg,30869.0,False,8,False,30869.0,False,False,996483645.107,996483645.107,0,False,True
C,A,20150101,2015,52,2015,757,CHE,Switzerland,FM,Foreign Import,854,BFA,Burkina Faso,0,W00,World,H4,HS,True,710812,"Metals; gold, non-monetary, unwrought (but not powder)",6,True,C01,Clearance for home use,0,1000,Air,8,kg,30869.0,False,8,False,30869.0,False,False,996483645.107,996483645.107,0,True,False
C,A,20150101,2015,52,2015,757,CHE,Switzerland,M,Import,854,BFA,Burkina Faso,0,W00,World,H4,HS,True,710812,"Metals; gold, non-monetary, unwrought (but not powder)",6,True,C01,Clearance for home use,0,1000,Air,8,kg,30869.0,False,8,False,30869.0,False,False,996483645.107,996483645.107,0,True,False
C,A,20150101,2015,52,2015,792,TUR,Türkiye,M,Import,854,BFA,Burkina Faso,0,W00,World,H4,HS,True,710812,"Metals; gold, non-monetary, unwrought (but not powder)",6,True,C00,TOTAL CPC,0,0,TOTAL MOT,8,kg,61.747,False,15,False,62.0,False,False,2224411.0,2224411.0,0,False,True
C,A,20150101,2015,52,2015,792,TUR,Türkiye,M,Import,854,BFA,Burkina Faso,0,W00,World,H4,HS,True,710812,"Metals; gold, non-monetary, unwrought (but not powder)",6,True,C00,TOTAL CPC,0,1000,Air,8,kg,61.747,False,15,False,62.0,False,False,2224411.0,2224411.0,0,False,True
C,A,20150101,2015,52,2015,792,TUR,Türkiye,M,Import,854,BFA,Burkina Faso,0,W00,World,H4,HS,True,710812,"Metals; gold, non-monetary, unwrought (but not powder)",6,True,C01,Clearance for home use,0,0,TOTAL MOT,8,kg,61.747,False,15,False,62.0,False,False,2224411.0,2224411.0,0,False,True
C,A,20150101,2015,52,2015,792,TUR,Türkiye,M,Import,854,BFA,Burkina Faso,0,W00,World,H4,HS,True,710812,"Metals; gold, non-monetary, unwrought (but not powder)",6,True,C01,Clearance for home use,0,1000,Air,8,kg,61.747,False,15,False,62.0,False,False,2224411.0,2224411.0,0,False,True
C,A,20160101,2016,52,2016,380,ITA,Italy,FM,Foreign Import,854,BFA,Burkina Faso,0,W00,World,H4,HS,True,710812,"Metals; gold, non-monetary, unwrought (but not powder)",6,True,C00,TOTAL CPC,0,0,TOTAL MOT,8,kg,2.0,False,15,False,2.0,False,False,73431.148,73431.148,0,True,False
C,A,20160101,2016,52,2016,380,ITA,Italy,M,Import,854,BFA,Burkina Faso,0,W00,World,H4,HS,True,710812,"Metals; gold, non-monetary, unwrought (but not powder)",6,True,C00,TOTAL CPC,0,0,TOTAL MOT,8,kg,2.0,False,15,False,2.0,False,False,73431.148,73431.148,0,True,False
C,A,20160101,2016,52,2016,699,IND,India,M,Import,854,BFA,Burkina Faso,0,W00,World,H4,HS,True,710812,"Metals; gold, non-monetary, unwrought (but not powder)",6,True,C00,TOTAL CPC,0,0,TOTAL MOT,8,kg,3877.0,False,-1,False,3877.0,False,False,125778494.0,125778494.0,0,True,False
C,A,20160101,2016,52,2016,757,CHE,Switzerland,FM,Foreign Import,854,BFA,Burkina Faso,0,W00,World,H4,HS,True,710812,"Metals; gold, non-monetary, unwrought (but not powder)",6,True,C00,TOTAL CPC,0,0,TOTAL MOT,8,kg,39069.0,False,8,False,39069.0,False,False,1329799654.129,1329799654.129,0,False,True
C,A,20160101,2016,52,2016,757,CHE,Switzerland,M,Import,854,BFA,Burkina Faso,0,W00,World,H4,HS,True,710812,"Metals; gold, non-monetary, unwrought (but not powder)",6,True,C00,TOTAL CPC,0,0,TOTAL MOT,8,kg,39069.0,False,8,False,39069.0,False,False,1329799654.129,1329799654.129,0,False,True
C,A,20160101,2016,52,2016,784,ARE,United Arab Emirates,M,Import,854,BFA,Burkina Faso,0,W00,World,H4,HS,True,710812,"Metals; gold, non-monetary, unwrought (but not powder)",6,True,C00,TOTAL CPC,0,0,TOTAL MOT,8,kg,293.51,False,8,False,293.51,False,False,10532809.24,10532809.24,0,True,False
C,A,20160101,2016,52,2016,757,CHE,Switzerland,FM,Foreign Import,854,BFA,Burkina Faso,0,W00,World,H4,HS,True,710812,"Metals; gold, non-monetary, unwrought (but not powder)",6,True,C00,TOTAL CPC,0,1000,Air,8,kg,39069.0,False,8,False,39069.0,False,False,1329799654.129,1329799654.129,0,False,True
C,A,20160101,2016,52,2016,757,CHE,Switzerland,M,Import,854,BFA,Burkina Faso,0,W00,World,H4,HS,True,710812,"Metals; gold, non-monetary, unwrought (but not powder)",6,True,C00,TOTAL CPC,0,1000,Air,8,kg,39069.0,False,8,False,39069.0,False,False,1329799654.129,1329799654.129,0,False,True
C,A,20160101,2016,52,2016,757,CHE,Switzerland,FM,Foreign Import,854,BFA,Burkina Faso,0,W00,World,H4,HS,True,710812,"Metals; gold, non-monetary, unwrought (but not powder)",6,True,C01,Clearance for home use,0,0,TOTAL MOT,8,kg,39069.0,False,8,False,39069.0,False,False,1329799654.129,1329799654.129,0,False,True
C,A,20160101,2016,52,2016,757,CHE,Switzerland,M,Import,854,BFA,Burkina Faso,0,W00,World,H4,HS,True,710812,"Metals; gold, non-monetary, unwrought (but not powder)",6,True,C01,Clearance for home use,0,0,TOTAL MOT,8,kg,39069.0,False,8,False,39069.0,False,False,1329799654.129,1329799654.129,0,False,True
C,A,20150101,2015,52,2015,124,CAN,Canada,FM,Foreign Import,854,BFA,Burkina Faso,0,W00,World,H4,HS,True,710812,"Metals; gold, non-monetary, unwrought (but not powder)",6,True,C00,TOTAL CPC,0,3200,Road,8,kg,10.083,False,15,False,10.083,False,False,primaryValue,359170.61,0,False,True
C,A,20150101,2015,52,2015,124,CAN,Canada,M,Import,854,BFA,Burkina Faso,0,W00,World,H4,HS,True,710812,"Metals; gold, non-monetary, unwrought (but not powder)",6,True,C00,TOTAL CPC,0,3200,Road,8,kg,10.083,False,15,False,10.083,False,False,primaryValue,359170.61,0,False,True
C,A,20150101,2015,52,2015,251,FRA,France,M,Import,854,BFA,Burkina Faso,0,W00,World,H4,HS,True,710812,"Metals; gold, non-monetary, unwrought (but not powder)",6,True,C00,TOTAL CPC,0,0,TOTAL MOT,8,kg,8.0,False,-1,False,8.0,False,False,150387.0,150387.0,0,True,False
C,A,20150101,2015,52,2015,380,ITA,Italy,FM,Foreign Import,854,BFA,Burkina Faso,0,W00,World,H4,HS,True,710812,"Metals; gold, non-monetary, unwrought (but not powder)",6,True,C00,TOTAL CPC,0,0,TOTAL MOT,8,kg,2.0,False,15,False,2.0,False,False,79559.483,79559.483,0,True,False
C,A,20150101,2015,52,2015,380,ITA,Italy,M,Import,854,BFA,Burkina Faso,0,W00,World,H4,HS,True,710812,"Metals; gold, non-monetary, unwrought (but not powder)",6,True,C00,TOTAL CPC,0,0,TOTAL MOT,8,kg,2.0,False,15,False,2.0,False,False,79559.483,79559.483,0,True,False
C,A,20150101,2015,52,2015,422,LBN,Lebanon,M,Import,854,BFA,Burkina Faso,0,W00,World,H4,HS,True,710812,"Metals; gold, non-monetary, unwrought (but not powder)",6,True,C00,TOTAL CPC,0,0,TOTAL MOT,8,kg,1.0,False,8,False,1.0,False,False,34743.62,34743.62,0,True,False
C,A,20150101,2015,52,2015,699,IND,India,M,Import,854,BFA,Burkina Faso,0,W00,World,H4,HS,True,710812,"Metals; gold, non-monetary, unwrought (but not powder)",6,True,C00,TOTAL CPC,0,0,TOTAL MOT,8,kg,8200.0,False,-1,False,8200.0,False,False,255134144.0,255134144.0,0,True,False
C,A,20150101,2015,52,2015,757,CHE,Switzerland,FM,Foreign Import,854,BFA,Burkina Faso,0,W00,World,H4,HS,True,710812,"Metals; gold, non-monetary, unwrought (but not powder)",6,True,C00,TOTAL CPC,0,0,TOTAL MOT,8,kg,30869.0,False,8,False,30869.0,False,False,996483645.107,996483645.107,0,False,True
C,A,20150101,2015,52,2015,757,CHE,Switzerland,M,Import,854,BFA,Burkina Faso,0,W00,World,H4,HS,True,710812,"Metals; gold, non-monetary, unwrought (but not powder)",6,True,C00,TOTAL CPC,0,0,TOTAL MOT,8,kg,30869.0,False,8,False,30869.0,False,False,996483645.107,996483645.107,0,False,True
C,A,20150101,2015,52,2015,124,CAN,Canada,FM,Foreign Import,854,BFA,Burkina Faso,0,W00,World,H4,HS,True,710812,"Metals; gold, non-monetary, unwrought (but not powder)",6,True,C00,TOTAL CPC,0,0,TOTAL MOT,8,kg,64.895,False,15,False,64.895,False,False,primaryValue,2068400.157,0,False,True
C,A,20150101,2015,52,2015,124,CAN,Canada,M,Import,854,BFA,Burkina Faso,0,W00,World,H4,HS,True,710812,"Metals; gold, non-monetary, unwrought (but not powder)",6,True,C00,TOTAL CPC,0,0,TOTAL MOT,8,kg,64.895,False,15,False,64.895,False,False,primaryValue,2068400.157,0,False,True
C,A,20150101,2015,52,2015,124,CAN,Canada,FM,Foreign Import,854,BFA,Burkina Faso,0,W00,World,H4,HS,True,710812,"Metals; gold, non-monetary, unwrought (but not powder)",6,True,C00,TOTAL CPC,0,1000,Air,8,kg,54.812,False,15,False,54.812,False,False,primaryValue,1709229.547,0,False,True
C,A,20150101,2015,52,2015,124,CAN,Canada,M,Import,854,BFA,Burkina Faso,0,W00,World,H4,HS,True,710812,"Metals; gold, non-monetary, unwrought (but not powder)",6,True,C00,TOTAL CPC,0,1000,Air,8,kg,54.812,False,15,False,54.812,False,False,primaryValue,1709229.547,0,False,True
